"Date","Adj.Close"
"2021-02-02",35705
"2021-02-01",33548
"2021-01-31",33147
"2021-01-30",34365.930096
"2021-01-29",34273
"2021-01-28",33309
"2021-01-27",30280
"2021-01-26",32607.221115
"2021-01-25",32438
"2021-01-24",32400
"2021-01-23",32063.97933315
"2021-01-22",32988
"2021-01-21",31150
"2021-01-20",35635
"2021-01-19",36325
"2021-01-18",36733
"2021-01-17",36032
"2021-01-16",36244
"2021-01-15",36800.1894384
"2021-01-14",39141
"2021-01-13",37199
"2021-01-12",33909
"2021-01-11",35460
"2021-01-10",38487.947452
"2021-01-09",40300
"2021-01-08",40588
"2021-01-07",39117
"2021-01-06",36814
"2021-01-05",34055
"2021-01-04",31928
"2021-01-03",33205
"2021-01-02",32000
"2021-01-01",29311.114
"2020-12-31",28948
"2020-12-30",28805
"2020-12-29",27228
"2020-12-28",27094
"2020-12-27",26381
"2020-12-26",26411
"2020-12-25",24701
"2020-12-24",23754
"2020-12-23",23259
"2020-12-22",23727
"2020-12-21",22850
"2020-12-20",23485.674722
"2020-12-19",23827
"2020-12-18",23065
"2020-12-17",22794
"2020-12-16",21342
"2020-12-15",19468.70386284
"2020-12-14",19283.21121125
"2020-12-13",19180
"2020-12-12",18808
"2020-12-11",18102
"2020-12-10",18295
"2020-12-09",18561
"2020-12-08",18340
"2020-12-07",19207.94799
"2020-12-06",19348
"2020-12-05",19143
"2020-12-04",18688
"2020-12-03",19461
"2020-12-02",19248.596217
"2020-12-01",18904.320512
"2020-11-30",19728.2444013
"2020-11-29",18175
"2020-11-28",17696.78580432
"2020-11-27",17120
"2020-11-26",17131
"2020-11-25",18808
"2020-11-24",19104
"2020-11-23",18322.071504
"2020-11-22",18403
"2020-11-21",18690.81312868
"2020-11-20",18649
"2020-11-19",17812
"2020-11-18",17832
"2020-11-17",17665
"2020-11-16",16716
"2020-11-15",15991.072746
"2020-11-14",16072
"2020-11-13",16318
"2020-11-12",16282.61125881
"2020-11-11",15717
"2020-11-10",15299
"2020-11-09",15329.95580394
"2020-11-08",15530.07775102
"2020-11-07",14865
"2020-11-06",15570
"2020-11-05",15530
"2020-11-04",14120
"2020-11-03",14000
"2020-11-02",13594
"2020-11-01",13682.94790468
"2020-10-31",13859
"2020-10-30",13577
"2020-10-29",13450
"2020-10-28",13259.63697
"2020-10-27",13724
"2020-10-26",13036
"2020-10-25",13020
"2020-10-24",13076.736624
"2020-10-23",12937
"2020-10-22",13129
"2020-10-21",13136.5889774
"2020-10-20",11941.06467495
"2020-10-19",11775
"2020-10-18",11480
"2020-10-17",11358
"2020-10-16",11361
"2020-10-15",11501
"2020-10-14",11401
"2020-10-13",11453
"2020-10-12",11679.97390125
"2020-10-11",11356
"2020-10-10",11367.445248
"2020-10-09",11066
"2020-10-08",10914.097084
"2020-10-07",10664
"2020-10-06",10600.02697768
"2020-10-05",10776
"2020-10-04",10670
"2020-10-03",10561
"2020-10-02",10566.53893952
"2020-10-01",10636
"2020-09-30",10756
"2020-09-29",10770.872103
"2020-09-28",10881.06778692
"2020-09-27",10774
"2020-09-26",10760
"2020-09-25",10720
"2020-09-24",10726
"2020-09-23",10291
"2020-09-22",10530
"2020-09-21",10516
"2020-09-20",10889.64975566
"2020-09-19",11071
"2020-09-18",10948.88524001
"2020-09-17",10941
"2020-09-16",11041
"2020-09-15",10827.674234
"2020-09-14",10673
"2020-09-13",10307.03131201
"2020-09-12",10452.631728
"2020-09-11",10392
"2020-09-10",10350
"2020-09-09",10296
"2020-09-08",10081
"2020-09-07",10403.05484743
"2020-09-06",10219
"2020-09-05",10052.67015712
"2020-09-04",10548
"2020-09-03",10682
"2020-09-02",11445
"2020-09-01",11979.9737595
"2020-08-31",11699
"2020-08-30",11672
"2020-08-29",11522
"2020-08-28",11491.92088197
"2020-08-27",11281
"2020-08-26",11454.53216
"2020-08-25",11381
"2020-08-24",11759
"2020-08-23",11660.47755554
"2020-08-22",11668
"2020-08-21",11571
"2020-08-20",11833.677744
"2020-08-19",11787.91304733
"2020-08-18",12058.96393587
"2020-08-17",12389
"2020-08-16",11905
"2020-08-15",11906
"2020-08-14",11768.34176
"2020-08-13",11775.02047389
"2020-08-11",11326
"2020-08-10",11812
"2020-08-09",11657.53605986
"2020-08-08",11723
"2020-08-07",11609
"2020-08-06",11754.88684994
"2020-08-05",11649.57654183
"2020-08-04",11204
"2020-08-03",11201
"2020-08-02",11113.33845095
"2020-08-01",11757
"2020-07-31",11309
"2020-07-30",11123.84092289
"2020-07-29",11284
"2020-07-28",10954
"2020-07-27",11277
"2020-07-26",9954.2
"2020-07-25",9707.1
"2020-07-24",9573.2
"2020-07-23",9608.4
"2020-07-22",9532.2
"2020-07-21",9407
"2020-07-20",9183.3
"2020-07-19",9210.1
"2020-07-18",9185.9
"2020-07-17",9166.3
"2020-07-16",9141.77195932
"2020-07-15",9221.38500179
"2020-07-14",9269.4
"2020-07-13",9254.2
"2020-07-12",9293.7
"2020-07-11",9231.6
"2020-07-10",9253.8
"2020-07-09",9250.23670599
"2020-07-08",9474.9
"2020-07-07",9250.9
"2020-07-06",9284.86858184
"2020-07-05",9094.9
"2020-07-04",9131.9
"2020-07-03",9098.3
"2020-07-02",9106
"2020-07-01",9235.94104454
"2020-06-30",9143.9369802
"2020-06-29",9209.6
"2020-06-28",9113.4
"2020-06-27",9016
"2020-06-26",9193.2
"2020-06-25",9262.3
"2020-06-24",9285.7
"2020-06-23",9624.5
"2020-06-22",9667.5
"2020-06-21",9306.8
"2020-06-20",9384.38514499
"2020-06-19",9339.4
"2020-06-18",9380
"2020-06-17",9449.9
"2020-06-16",9520.7
"2020-06-15",9425.2
"2020-06-14",9388.77835569
"2020-06-13",9436.2
"2020-06-12",9467.3
"2020-06-11",9325.9
"2020-06-10",9901.9
"2020-06-09",9775.5
"2020-06-08",9704
"2020-06-07",9769.4
"2020-06-06",9637.3
"2020-06-05",9668.4
"2020-06-04",9819.4
"2020-06-03",9598.36050115
"2020-06-02",9535.50205553
"2020-06-01",9714.33339048
"2020-05-31",9441
"2020-05-30",9685.9992
"2020-05-29",9429.5
"2020-05-28",9515.1
"2020-05-27",9100.1
"2020-05-26",8835.4
"2020-05-25",8905.64431086
"2020-05-24",9038.39760185
"2020-05-23",9225.08018187
"2020-05-22",9193.48279642
"2020-05-21",9139.9
"2020-05-20",9528.9
"2020-05-19",9748
"2020-05-18",9732.3
"2020-05-17",9696.3958591
"2020-05-16",9398.3
"2020-05-15",9426
"2020-05-14",9775.9
"2020-05-13",9285.7
"2020-05-12",8816.7
"2020-05-11",8594
"2020-05-10",8767.5
"2020-05-09",9598.7
"2020-05-08",9963
"2020-05-07",9859.5
"2020-05-06",9363.7564345
"2020-05-05",8943.49142902
"2020-05-04",8890.14885158
"2020-05-03",8935.6
"2020-05-02",8926.532916
"2020-05-01",8841.2
"2020-04-30",8707.8
"2020-04-29",8777.3
"2020-04-28",7744.2
"2020-04-27",7757.4754045
"2020-04-26",7595.24070379
"2020-04-25",7530.0428736
"2020-04-24",7492.9
"2020-04-23",7567.4
"2020-04-22",7116
"2020-04-21",6900.8
"2020-04-20",6879.90342
"2020-04-19",7188.3
"2020-04-18",7280.2
"2020-04-17",7079.6
"2020-04-16",7147.3
"2020-04-15",6731
"2020-04-14",6876.9
"2020-04-13",6861
"2020-04-12",7015.78640506
"2020-04-11",6858.3
"2020-04-10",6836.9
"2020-04-09",7312.7
"2020-04-08",7354.1
"2020-04-07",7191
"2020-04-06",7283.2
"2020-04-05",6797
"2020-04-04",6880.1
"2020-04-03",6749.4
"2020-04-02",6871.5
"2020-04-01",6567.2
"2020-03-31",6449.7
"2020-03-30",6516.1
"2020-03-29",5923.3
"2020-03-28",6207.3
"2020-03-27",6673.9
"2020-03-26",6710
"2020-03-25",6672.7
"2020-03-24",6775.1
"2020-03-23",6427.01406111
"2020-03-22",5889.8
"2020-03-21",6216
"2020-03-20",6143.2
"2020-03-19",6349.7
"2020-03-18",5340
"2020-03-17",5467.6
"2020-03-16",4938.4
"2020-03-15",5371.3
"2020-03-14",5284.93392621
"2020-03-13",5595.6
"2020-03-12",5768.6
"2020-03-11",7986.4276898
"2020-03-10",7982.3
"2020-03-09",7902.7
"2020-03-08",8060.6
"2020-03-07",8919
"2020-03-06",9174.5
"2020-03-05",9075
"2020-03-04",8786
"2020-03-03",8813.08377098
"2020-03-02",8926
"2020-03-01",8558.5
"2020-02-29",8581.42934763
"2020-02-28",8763.2
"2020-02-27",8779.52733636
"2020-02-26",8815.5
"2020-02-25",9351
"2020-02-24",9673.8
"2020-02-23",9982.8
"2020-02-22",9660.7
"2020-02-21",9700
"2020-02-20",9608.36162622
"2020-02-19",9613.7
"2020-02-18",10187.47945432
"2020-02-17",9685
"2020-02-16",9990
"2020-02-15",9890
"2020-02-14",10320
"2020-02-13",10204
"2020-02-12",10329
"2020-02-11",10251
"2020-02-10",9880.9
"2020-02-09",10132
"2020-02-08",9878
"2020-02-07",9781.326356
"2020-02-06",9728.18361011
"2020-02-05",9624.66257768
"2020-02-04",9202.6
"2020-02-03",9318.4
"2020-02-02",9366.3
"2020-02-01",9408.5
"2020-01-31",9371.2
"2020-01-30",9492.8
"2020-01-29",9335
"2020-01-28",9357.8
"2020-01-27",8908.8
"2020-01-26",8609.92237508
"2020-01-25",8370.20246779
"2020-01-24",8442.71967559
"2020-01-23",8371.4
"2020-01-22",8644
"2020-01-21",8739.98859801
"2020-01-20",8645.9
"2020-01-19",8716.8
"2020-01-18",8913.2
"2020-01-17",8883.8
"2020-01-16",8719.29661989
"2020-01-15",8792.5
"2020-01-14",8783.1
"2020-01-13",8117.3
"2020-01-12",8163.3
"2020-01-11",8011.1
"2020-01-10",8118
"2020-01-09",7819.1
"2020-01-08",8052.93510231
"2020-01-07",8173.6
"2020-01-06",7768.7
"2020-01-05",7344.9
"2020-01-04",7373
"2020-01-03",7356.9
"2020-01-02",6989.5
"2020-01-01",7213.1
"2019-12-31",7210.8
"2019-12-30",7261.6
"2019-12-29",7415.9
"2019-12-28",7338.6
"2019-12-27",7278.7
"2019-12-26",7241
"2019-12-25",7220
"2019-12-24",7257.2
"2019-12-23",7357.82355132
"2019-12-22",7512.4
"2019-12-21",7167.4
"2019-12-20",7210.6
"2019-12-19",7175.1
"2019-12-18",7319.7
"2019-12-17",6667.1
"2019-12-16",6928.28070801
"2019-12-15",7155.1
"2019-12-14",7104.6
"2019-12-13",7283.2
"2019-12-12",7234.8823457
"2019-12-11",7230.7
"2019-12-10",7268.23742998
"2019-12-09",7374.2
"2019-12-08",7568.58080309
"2019-12-07",7547
"2019-12-06",7574.9
"2019-12-05",7440.4
"2019-12-04",7264.5
"2019-12-03",7348.3
"2019-12-02",7362.0607448
"2019-12-01",7453
"2019-11-30",7598.2
"2019-11-29",7787
"2019-11-28",7475.9
"2019-11-27",7543.5
"2019-11-26",7205.28588175
"2019-11-25",7158.71305963
"2019-11-24",7003
"2019-11-23",7358.1
"2019-11-22",7335.5
"2019-11-21",7664.8
"2019-11-20",8117.75292661
"2019-11-19",8161.4
"2019-11-18",8216.5
"2019-11-17",8531.1044356
"2019-11-16",8520.6
"2019-11-15",8482.45910512
"2019-11-14",8651.3
"2019-11-13",8813
"2019-11-12",8811
"2019-11-11",8737.7
"2019-11-10",9068
"2019-11-09",8830.5
"2019-11-08",8800
"2019-11-07",9216
"2019-11-06",9365
"2019-11-05",9356.1
"2019-11-04",9439
"2019-11-03",9232.6
"2019-11-02",9333
"2019-11-01",9268.9
"2019-10-31",9151.1
"2019-10-30",9230.7
"2019-10-29",9459.6
"2019-10-28",9472.3
"2019-10-27",9622.7
"2019-10-26",9177.9
"2019-10-25",8629.1
"2019-10-24",7480.3
"2019-10-23",7431.9
"2019-10-22",8117.5
"2019-10-21",8211.9
"2019-10-20",8241.6
"2019-10-19",7980.3
"2019-10-18",7991
"2019-10-17",8075.6
"2019-10-16",8004.98381643
"2019-10-15",8178.5
"2019-10-14",8364.6727206
"2019-10-13",8305.7
"2019-10-12",8349.7
"2019-10-11",8352.3
"2019-10-10",8597.9
"2019-10-09",8599
"2019-10-08",8232.1
"2019-10-07",8245.94421157
"2019-10-06",7889.1
"2019-10-05",8167.9
"2019-10-04",8187
"2019-10-03",8200
"2019-10-02",8317.5
"2019-10-01",8362.7
"2019-09-30",8264.1
"2019-09-29",8108.76773568
"2019-09-28",8252.2
"2019-09-27",8252
"2019-09-26",8116.2649249
"2019-09-25",8498.7
"2019-09-24",8710.5
"2019-09-23",9695
"2019-09-22",10068
"2019-09-21",10035
"2019-09-20",10170.45673593
"2019-09-19",10269
"2019-09-18",10196
"2019-09-17",10253
"2019-09-16",10328
"2019-09-15",10319.63622064
"2019-09-14",10383.11355094
"2019-09-13",10289
"2019-09-12",10433.01813883
"2019-09-11",10172
"2019-09-10",10082.92035674
"2019-09-09",10375.29347732
"2019-09-08",10421
"2019-09-07",10506
"2019-09-06",10385
"2019-09-05",10591
"2019-09-04",10608
"2019-09-03",10707
"2019-09-02",10414
"2019-09-01",9818.5
"2019-08-31",9653
"2019-08-30",9613.69705575
"2019-08-29",9513.65695467
"2019-08-28",9724.8
"2019-08-27",10129
"2019-08-26",10320
"2019-08-25",10046
"2019-08-24",10044
"2019-08-23",10405.89454135
"2019-08-22",10182
"2019-08-21",10081
"2019-08-20",10847
"2019-08-19",10789
"2019-08-18",10350
"2019-08-17",10203
"2019-08-16",10373
"2019-08-15",10399
"2019-08-14",10245
"2019-08-13",10917
"2019-08-12",11441
"2019-08-11",11517
"2019-08-10",11309
"2019-08-09",11906
"2019-08-08",11867
"2019-08-07",11969
"2019-08-06",11288
"2019-08-05",11778
"2019-08-04",11048
"2019-08-03",10841
"2019-08-02",10511
"2019-08-01",10377
"2019-07-31",9990.3
"2019-07-30",9606.3
"2019-07-29",9517.4
"2019-07-28",9216.5
"2019-07-27",9430.2
"2019-07-26",9802.5
"2019-07-25",9886.6
"2019-07-24",9789.431864
"2019-07-23",10056
"2019-07-22",10282
"2019-07-21",10535
"2019-07-20",10953
"2019-07-19",10487
"2019-07-18",9667.5
"2019-07-16",9477
"2019-07-15",10879
"2019-07-02",10830
"2019-07-01",10537
"2019-06-30",10995
"2019-06-29",12098
"2019-06-28",12244.80500568
"2019-06-27",11135
"2019-06-26",12337
"2019-06-25",11616
"2019-06-24",11040
"2019-06-23",10983.58758
"2019-06-22",10515
"2019-06-21",9909.1
"2019-06-20",9587.5
"2019-06-19",9313.03881886
"2019-06-18",9009
"2019-06-17",9380
"2019-06-16",9066.7
"2019-06-15",8828.6
"2019-06-14",8677.6
"2019-06-13",8250.7
"2019-06-12",8138
"2019-06-11",7911.8
"2019-06-10",7954.9
"2019-06-09",7566
"2019-06-08",7944.3
"2019-06-07",7973
"2019-06-06",7739.60904343
"2019-06-05",7777.9
"2019-06-04",7649.1
"2019-06-03",8448.6
"2019-06-02",8737
"2019-06-01",8569.1
"2019-05-31",8475.92149104
"2019-05-30",8292.2
"2019-05-29",8707
"2019-05-28",8704.8
"2019-05-27",8810.5
"2019-05-26",8669.99218367
"2019-05-25",8061.4
"2019-05-24",8052.6
"2019-05-23",7891.3
"2019-05-22",7729.7
"2019-05-21",7966.9
"2019-05-20",7914.4
"2019-05-19",8174.8
"2019-05-18",7308
"2019-05-17",7302.9
"2019-05-16",7874.5
"2019-05-15",8111.466315
"2019-05-14",7891.1
"2019-05-13",7970.1
"2019-05-12",6990.98838042
"2019-05-11",7149.3
"2019-05-10",6455.74228553
"2019-05-09",6297
"2019-05-08",6204.4
"2019-05-07",6212
"2019-05-06",6047.8
"2019-05-05",6041.8
"2019-05-04",6123
"2019-05-03",6012.5
"2019-05-02",5737.6
"2019-05-01",5611.2
"2019-04-30",5609.1
"2019-04-29",5451
"2019-04-28",5477.9
"2019-04-27",5436
"2019-04-26",5423.4839686
"2019-04-25",5210.1
"2019-04-24",5476.2
"2019-04-23",5577
"2019-04-22",5431.87219827
"2019-04-21",5322.2757072
"2019-04-20",5319.935017
"2019-04-19",5293
"2019-04-18",5326.7
"2019-04-17",5249.9
"2019-04-16",5229.9624095
"2019-04-15",5051
"2019-04-14",5202.7
"2019-04-13",5107.4
"2019-04-12",5126.9
"2019-04-11",5059.90428721
"2019-04-10",5291.5
"2019-04-09",5203.1
"2019-04-08",5304.7
"2019-04-07",5289.9
"2019-04-06",5069.8600365
"2019-04-05",5083.06467492
"2019-04-04",4925
"2019-04-03",5085.1
"2019-04-02",4855.5606465
"2019-04-01",4203.8
"2019-03-31",4165.2
"2019-03-30",4158.1
"2019-03-29",4171.7
"2019-03-28",4087
"2019-03-27",4086.1
"2019-03-26",3979.3
"2019-03-25",3967
"2019-03-24",4040.9
"2019-03-23",4059.5
"2019-03-22",4048.4
"2019-03-21",4053
"2019-03-20",4133.9
"2019-03-19",4101.3
"2019-03-18",4076.5
"2019-03-17",4074
"2019-03-16",4085.6
"2019-03-15",3998.1
"2019-03-14",3945.1
"2019-03-13",3947.7
"2019-03-12",3962.2
"2019-03-11",3953.6
"2019-03-10",4006.6
"2019-03-09",4010
"2019-03-08",3941.6
"2019-03-07",3962
"2019-03-06",3951.5
"2019-03-05",3943.2
"2019-03-04",3799.9
"2019-03-03",3883
"2019-03-02",3912.73432089
"2019-03-01",3923
"2019-02-28",3895
"2019-02-27",3902
"2019-02-26",3897.2
"2019-02-25",3924.8
"2019-02-23",4210.2
"2019-02-22",4066.6
"2019-02-21",3998.6
"2019-02-20",4042.9
"2019-02-19",3984.3
"2019-02-18",3970
"2019-02-17",3740.1
"2019-02-16",3683.9
"2019-02-15",3664.7
"2019-02-14",3657
"2019-02-13",3665.2
"2019-02-12",3696.6
"2019-02-11",3683.6
"2019-02-10",3742
"2019-02-09",3718.4
"2019-02-08",3714
"2019-02-07",3436
"2019-02-06",3449.94857634
"2019-02-05",3510.9
"2019-02-04",3490.4
"2019-02-03",3499
"2019-02-02",3563.5
"2019-02-01",3540.9
"2019-01-31",3498.8
"2019-01-30",3531.4
"2019-01-29",3478.8
"2019-01-28",3505
"2019-01-27",3599.7
"2019-01-26",3633.6
"2019-01-25",3630.6
"2019-01-24",3645.07065164
"2019-01-23",3619.9
"2019-01-22",3641.2
"2019-01-21",3580.2
"2019-01-20",3586.9
"2019-01-19",3768.2
"2019-01-18",3676.95307882
"2019-01-17",3715.1
"2019-01-16",3680.8
"2019-01-15",3655.9
"2019-01-14",3749.9
"2019-01-13",3580
"2019-01-12",3701.4
"2019-01-11",3710.1
"2019-01-09",4083.9
"2019-01-07",4112.1
"2019-01-06",4173
"2019-01-05",3910.9
"2019-01-04",3959.8
"2019-01-02",4061
"2019-01-01",3956.9
"2018-12-31",3825.5
"2018-12-30",3976.1266313
"2018-12-29",3890
"2018-12-28",4026.5
"2018-12-27",3718.6
"2018-12-26",3928.1
"2018-12-25",3891.8
"2018-12-24",4141.4132386
"2018-12-23",4076.9
"2018-12-22",4128.79283856
"2018-12-21",3975.4
"2018-12-20",4202.2
"2018-12-19",3813.7
"2018-12-18",3766
"2018-12-17",3628.5
"2018-12-16",3302.51991097
"2018-12-15",3289.3
"2018-12-14",3273
"2018-12-13",3347.2
"2018-12-12",3524.9
"2018-12-11",3431.8
"2018-12-10",3531.1
"2018-12-09",3657.4
"2018-12-08",3534
"2018-12-07",3446.6
"2018-12-06",3524
"2018-12-05",3772.4
"2018-12-04",3973.3
"2018-12-03",3897.8
"2018-12-02",4140
"2018-12-01",4253.2
"2018-11-30",4034.4
"2018-11-29",4298.8
"2018-11-28",4322.5
"2018-11-27",3878.3
"2018-11-25",4116.4
"2018-11-24",3966.2
"2018-11-23",4426.7
"2018-11-22",4432.7
"2018-11-21",4690.1
"2018-11-20",4510.36375
"2018-11-19",4978.2
"2018-11-18",5655
"2018-11-17",5624.6
"2018-11-16",5650.4
"2018-11-15",5736.5
"2018-11-14",5870.1
"2018-11-12",6444.6
"2018-11-11",6446
"2018-11-10",6431
"2018-11-09",6420.1
"2018-11-08",6482.6
"2018-11-07",6572
"2018-11-06",6502.95739386
"2018-11-05",6465.5
"2018-11-04",6471.4
"2018-11-03",6383.5
"2018-11-02",6430
"2018-11-01",6396.1
"2018-10-31",6375
"2018-10-30",6331.5
"2018-10-29",6337.1
"2018-10-27",6491.2
"2018-10-26",6535.5
"2018-10-25",6549.7
"2018-10-24",6568.1
"2018-10-22",6569
"2018-10-21",6602
"2018-10-20",6588.7
"2018-10-18",6596.5
"2018-10-17",6738.6
"2018-10-16",6717.4
"2018-10-15",6729.6
"2018-10-14",6368.4
"2018-10-13",6325.1114112
"2018-10-12",6302
"2018-10-11",6284.6
"2018-10-10",6614
"2018-10-09",6668.1
"2018-10-08",6670.2
"2018-10-07",6585.8
"2018-10-06",6590.4
"2018-10-05",6625
"2018-10-04",6596.4
"2018-10-03",6476.6
"2018-10-02",6569.9
"2018-10-01",6590.1
"2018-09-30",6618
"2018-09-28",6638.07778784
"2018-09-27",6678.6
"2018-09-26",6463.8
"2018-09-25",6412.2
"2018-09-24",6605
"2018-09-23",6706
"2018-09-22",6711
"2018-09-21",6737.6
"2018-09-20",6494.652864
"2018-09-19",6383.4
"2018-09-18",6353.1
"2018-09-17",6257.7
"2018-09-16",6494.6
"2018-09-15",6525.1
"2018-09-14",6535.8
"2018-09-13",6487.9
"2018-09-12",6326.2
"2018-09-11",6306.9
"2018-09-10",6284.1
"2018-09-09",6255.7
"2018-09-08",6175.9
"2018-09-07",6412.5944476
"2018-09-06",6454.2
"2018-09-05",6906
"2018-09-04",7360.7
"2018-09-03",7291.5
"2018-09-02",7294.3
"2018-09-01",7212.5
"2018-08-31",7025.9
"2018-08-30",6931.4
"2018-08-29",7052.2
"2018-08-28",7080.1
"2018-08-27",6747.8
"2018-08-26",6687
"2018-08-25",6721.9
"2018-08-24",6697.2
"2018-08-23",6503.5
"2018-08-22",6375.8
"2018-08-21",6472.4
"2018-08-20",6315
"2018-08-19",6502.6
"2018-08-18",6405.8616693
"2018-08-17",6566.1
"2018-08-16",6291.2
"2018-08-15",6389
"2018-08-14",6155.6
"2018-08-13",6256.2
"2018-08-11",6395
"2018-08-10",6106.6928528
"2018-08-09",6600
"2018-08-08",6277.2
"2018-08-07",6749.5
"2018-08-06",6865.9
"2018-08-05",7029.6
"2018-08-04",7003.2
"2018-08-03",7436.9
"2018-08-02",7549.29835933
"2018-08-01",7574.1
"2018-07-31",7718
"2018-07-30",8186.1
"2018-07-29",8191.5
"2018-07-28",8195
"2018-07-27",8242
"2018-07-26",7944.6
"2018-07-25",8279
"2018-07-24",8313.8
"2018-07-23",7740
"2018-07-22",7421.1
"2018-07-21",7416.8
"2018-07-20",7354.9
"2018-07-19",7494
"2018-07-18",7359.4
"2018-07-17",7288.30897953
"2018-07-16",6665.6
"2018-07-15",6360.5
"2018-07-14",6259.3
"2018-07-13",6205.3
"2018-07-12",6151.3
"2018-07-11",6376.34373608
"2018-07-10",6369.68860077
"2018-07-09",6698.9
"2018-07-08",6750.9
"2018-07-07",6566
"2018-07-06",6579.2
"2018-07-05",6530.7
"2018-07-04",6681
"2018-07-03",6512.4
"2018-07-02",6630.5
"2018-07-01",6363.9
"2018-06-30",6337.7
"2018-06-29",6230.5
"2018-06-28",5921.78551816
"2018-06-27",6139.5
"2018-06-26",6159.7
"2018-06-25",6240
"2018-06-24",6157.1
"2018-06-23",6184.1
"2018-06-22",6057.9
"2018-06-21",6732.6
"2018-06-20",6725
"2018-06-19",6725.9
"2018-06-18",6710
"2018-06-17",6482.1
"2018-06-16",6529.3
"2018-06-15",6443
"2018-06-14",6591.6
"2018-06-13",6324.3
"2018-06-12",6527.4
"2018-06-11",6768.4
"2018-06-10",6697.1
"2018-06-09",7583
"2018-06-08",7647.57921827
"2018-06-07",7649.2
"2018-06-06",7652.4
"2018-06-05",7620
"2018-06-04",7509.8
"2018-06-03",7697.8
"2018-06-02",7617.2
"2018-06-01",7512
"2018-05-31",7439.1
"2018-05-30",7350.9
"2018-05-29",7434
"2018-05-28",7090.9
"2018-05-27",7323.9
"2018-05-26",7327.4
"2018-05-25",7366.8
"2018-05-24",7562.9
"2018-05-23",7577.9
"2018-05-22",7984.3
"2018-05-21",8370.3
"2018-05-20",8496
"2018-05-19",8206.69551827
"2018-05-18",8202.1
"2018-05-17",8077.8
"2018-05-16",8290.3
"2018-05-15",8430.9
"2018-05-14",8679.5
"2018-05-13",8719.5
"2018-05-12",8467
"2018-05-11",8421.9
"2018-05-10",9101.2
"2018-05-09",9330.6
"2018-05-08",9233
"2018-05-07",9289.7
"2018-05-06",9644.06157174
"2018-05-05",9854.3
"2018-05-04",9745.1
"2018-05-03",9667.9
"2018-05-02",9244
"2018-05-01",9060
"2018-04-30",9178
"2018-04-29",9412.6
"2018-04-28",9333.4
"2018-04-27",9060
"2018-04-26",9168
"2018-04-25",9022.9
"2018-04-24",9562.6
"2018-04-23",8929.6
"2018-04-22",8832.8
"2018-04-21",8803.1
"2018-04-20",8891.1
"2018-04-19",8270.3
"2018-04-18",8158.6
"2018-04-17",7889.9
"2018-04-16",8009
"2018-04-15",8332.9
"2018-04-14",8063.2
"2018-04-13",7862.6
"2018-04-12",7824
"2018-04-11",6921.7
"2018-04-10",6785.3
"2018-04-09",6698.4
"2018-04-08",7041.1
"2018-04-07",6943.5
"2018-04-06",6595.6
"2018-04-05",6780
"2018-04-04",6741.3
"2018-04-03",7394.13280962
"2018-04-02",7025.6
"2018-04-01",6806.1
"2018-03-31",6944.1
"2018-03-30",6774.6
"2018-03-29",7219.9
"2018-03-28",7962
"2018-03-27",7926.5
"2018-03-26",8177.4
"2018-03-25",8481
"2018-03-24",8639.7
"2018-03-23",8661.8
"2018-03-22",8690.9
"2018-03-21",8870
"2018-03-20",8932
"2018-03-19",8505
"2018-03-18",8147
"2018-03-17",7993
"2018-03-16",8494.3
"2018-03-15",8267.7
"2018-03-14",8175.1
"2018-03-13",9150.6
"2018-03-12",9098.4
"2018-03-11",9485.2
"2018-03-10",8807.7
"2018-03-09",9303
"2018-03-08",9352.57027825
"2018-03-07",9880
"2018-03-06",10683
"2018-03-05",11545
"2018-03-04",11534
"2018-03-03",11463
"2018-03-02",11022
"2018-03-01",10940
"2018-02-28",10294
"2018-02-27",10668
"2018-02-26",10300
"2018-02-25",9534.5
"2018-02-24",9680.2
"2018-02-23",10207
"2018-02-22",9839.2
"2018-02-21",10474
"2018-02-20",11166
"2018-02-19",11162
"2018-02-18",10460
"2018-02-17",11015
"2018-02-16",10175
"2018-02-15",10130
"2018-02-14",9469
"2018-02-13",8536.2
"2018-02-12",8885.3
"2018-02-11",8069
"2018-02-10",8569.1
"2018-02-09",8700
"2018-02-08",8240.2
"2018-02-07",7670
"2018-02-06",7732.2
"2018-02-05",6884
"2018-02-04",8249
"2018-02-03",9160
"2018-02-02",8850.6
"2018-02-01",9273
"2018-01-31",10192
"2018-01-30",10077
"2018-01-29",11223
"2018-01-28",11849
"2018-01-27",11380
"2018-01-26",11131
"2018-01-25",11187
"2018-01-24",10826
"2018-01-23",10789
"2018-01-22",11522
"2018-01-21",12731
"2018-01-20",11470
"2018-01-19",10998.73484849
"2018-01-18",11122
"2018-01-17",11069.47183332
"2018-01-16",13597
"2018-01-15",13549
"2018-01-14",14197
"2018-01-13",13800
"2018-01-12",13254
"2018-01-11",14900
"2018-01-10",14462
"2018-01-09",14920
"2018-01-08",16180
"2018-01-07",17175
"2018-01-06",16900
"2018-01-05",15175
"2018-01-04",15134
"2018-01-03",14723.09574779
"2018-01-02",13375
"2018-01-01",13769
"2017-12-31",12385
"2017-12-30",14308
"2017-12-29",14323
"2017-12-28",15375
"2017-12-27",15680
"2017-12-26",13634
"2017-12-25",13517
"2017-12-24",14036
"2017-12-23",13174
"2017-12-22",15650
"2017-12-21",16425
"2017-12-20",17340
"2017-12-19",18925
"2017-12-18",18959
"2017-12-17",19210
"2017-12-16",17569.54956141
"2017-12-15",16384
"2017-12-14",16172
"2017-12-12",16754
"2017-12-11",14937
"2017-12-10",14660
"2017-12-09",15816.78052363
"2017-12-08",16607
"2017-12-07",13503
"2017-12-06",11590
"2017-12-05",11599
"2017-12-04",11161
"2017-12-03",10876
"2017-12-02",10860
"2017-12-01",9907.1
"2017-11-30",9772
"2017-11-29",9894.9
"2017-11-28",9725.9
"2017-11-27",9303
"2017-11-25",8191.6
"2017-11-24",7985.4
"2017-11-23",8230
"2017-11-22",8079.3
"2017-11-21",8248.8
"2017-11-20",8050.7
"2017-11-19",7773.3
"2017-11-18",7675.9
"2017-11-17",7864.2
"2017-11-16",7265.84095228
"2017-11-15",6590
"2017-11-14",6476.5
"2017-11-13",5810.7
"2017-11-12",6302.7
"2017-11-11",6541.2
"2017-11-10",7126.4
"2017-11-09",7447
"2017-11-08",7102
"2017-11-07",6956.5
"2017-11-05",7321.8
"2017-11-04",7379.4
"2017-11-03",7247.2
"2017-11-02",6987.7
"2017-11-01",6659.1
"2017-10-31",6387.4
"2017-10-30",6094
"2017-10-29",6184.6
"2017-10-28",5740
"2017-10-27",5771.8
"2017-10-26",5876.2
"2017-10-25",5665
"2017-10-24",5491
"2017-10-23",5889.1
"2017-10-22",5910
"2017-10-21",6075.2
"2017-10-20",6004.9
"2017-10-19",5709.3
"2017-10-18",5582.9
"2017-10-17",5555
"2017-10-16",5715
"2017-10-15",5718.2
"2017-10-14",5749.9
"2017-10-13",5644.1
"2017-10-12",5312.6
"2017-10-11",4815
"2017-10-10",4790.9
"2017-10-09",4752.2
"2017-10-08",4627.1
"2017-10-07",4465.9
"2017-10-06",4352
"2017-10-05",4359.7
"2017-10-04",4222.1
"2017-10-03",4310
"2017-10-02",4374.1
"2017-10-01",4407
"2017-09-30",4364.5
"2017-09-29",4162.6
"2017-09-28",4180.1
"2017-09-27",4196.1
"2017-09-26",3886
"2017-09-25",3924.5
"2017-09-24",3681
"2017-09-23",3751.8
"2017-09-22",3604.1
"2017-09-21",3620.1
"2017-09-20",3949
"2017-09-19",3917.7
"2017-09-18",4049
"2017-09-17",3701
"2017-09-16",3710.6
"2017-09-15",3741.4
"2017-09-14",3296.6
"2017-09-13",3935.1
"2017-09-12",4169.5
"2017-09-11",4208.5
"2017-09-10",4262.7
"2017-09-09",4338.5
"2017-09-08",4314.7
"2017-09-07",4622
"2017-09-06",4614.4
"2017-09-05",4448
"2017-09-04",4250.1
"2017-09-03",4563
"2017-09-02",4435.8
"2017-09-01",4863.8
"2017-08-31",4725.7
"2017-08-30",4571.5
"2017-08-29",4602.7
"2017-08-28",4369.9
"2017-08-27",4338
"2017-08-26",4337.6
"2017-08-25",4363.8
"2017-08-24",4331.2
"2017-08-23",4143.2
"2017-08-22",4038
"2017-08-21",4007.7
"2017-08-20",4139.9
"2017-08-19",4154.5
"2017-08-18",4101.5
"2017-08-17",4315.2
"2017-08-16",4324.7
"2017-08-15",4182.1
"2017-08-14",4247.9
"2017-08-13",4109
"2017-08-12",3834.6
"2017-08-11",3663.2
"2017-08-10",3425.6
"2017-08-09",3292.3
"2017-08-08",3450.7
"2017-08-07",3388
"2017-08-06",3250.2
"2017-08-05",3234.7
"2017-08-04",2854
"2017-08-03",2804.9
"2017-08-02",2689.2
"2017-08-01",2706
"2017-07-31",2848
"2017-07-30",2730
"2017-07-29",2699
"2017-07-28",2787.5
"2017-07-27",2679.5
"2017-07-26",2511
"2017-07-25",2542.1
"2017-07-24",2772.5
"2017-07-23",2727.8
"2017-07-22",2836
"2017-07-21",2698
"2017-07-20",2844.9
"2017-07-19",2253.3
"2017-07-18",2295.2
"2017-07-17",2194.9
"2017-07-16",1950
"2017-07-15",2034.9
"2017-07-14",2203
"2017-07-13",2335.7
"2017-07-12",2364.1
"2017-07-11",2315.6
"2017-07-10",2311.4
"2017-07-09",2496.9
"2017-07-08",2541.4
"2017-07-07",2453.8
"2017-07-06",2597.5
"2017-07-05",2601.2
"2017-07-04",2560.9
"2017-07-03",2550.5
"2017-07-02",2437.2
"2017-07-01",2330
"2017-06-30",2426
"2017-06-29",2490.3
"2017-06-28",2511.7
"2017-06-27",2495.6
"2017-06-26",2397.5
"2017-06-25",2462.2
"2017-06-24",2485.2
"2017-06-23",2692.1
"2017-06-22",2675
"2017-06-21",2601.1
"2017-06-20",2747.3
"2017-06-19",2568
"2017-06-18",2479.1
"2017-06-17",2630
"2017-06-16",2423.7
"2017-06-15",2385.2
"2017-06-14",2374.2
"2017-06-13",2681
"2017-06-12",2543.8
"2017-06-11",2936.6
"2017-06-10",2814.3
"2017-06-09",2808.6
"2017-06-08",2775.6
"2017-06-07",2674.8
"2017-06-06",2828.7
"2017-06-05",2618.91043963
"2017-06-04",2476.2
"2017-06-03",2477.2
"2017-06-02",2390
"2017-06-01",2287.8
"2017-05-31",2195.6
"2017-05-30",2106
"2017-05-29",2193.4
"2017-05-28",2033
"2017-05-27",1949.9
"2017-05-26",2113.2
"2017-05-25",2377
"2017-05-24",2379.6
"2017-05-23",2228
"2017-05-22",1981.9
"2017-05-21",2037.9
"2017-05-20",2068
"2017-05-19",1970
"2017-05-18",1946.1
"2017-05-17",1874.9
"2017-05-16",1781.7
"2017-05-15",1781.8
"2017-05-14",1815.7
"2017-05-13",1814
"2017-05-12",1770
"2017-05-11",1858.2
"2017-05-10",1780
"2017-05-09",1769
"2017-05-08",1699
"2017-05-07",1623.6
"2017-05-06",1593.7
"2017-05-05",1571.7
"2017-05-04",1586.3
"2017-05-03",1613
"2017-05-02",1549.7
"2017-05-01",1527.6
"2017-04-30",1441.7
"2017-04-29",1424.2
"2017-04-28",1398.9
"2017-04-27",1445.6
"2017-04-26",1404
"2017-04-25",1370
"2017-04-24",1344.6
"2017-04-23",1345.3
"2017-04-22",1343
"2017-04-21",1322.3
"2017-04-20",1301.9
"2017-04-19",1268
"2017-04-18",1267.2
"2017-04-17",1238.4
"2017-04-16",1215.1
"2017-04-15",1197.9
"2017-04-14",1207.8
"2017-04-13",1189
"2017-04-12",1225.8
"2017-04-11",1238.4
"2017-04-10",1218.4
"2017-04-09",1218
"2017-04-08",1185
"2017-04-07",1191.2
"2017-04-06",1198.9
"2017-04-05",1126.6
"2017-04-04",1135.9
"2017-04-03",1155
"2017-04-02",1109.4
"2017-04-01",1084.1
"2017-03-31",1081
"2017-03-30",1032.9
"2017-03-29",1037.5
"2017-03-28",1042.5
"2017-03-27",1035.8
"2017-03-26",956.4
"2017-03-25",960.07
"2017-03-24",937.59
"2017-03-23",1025.6
"2017-03-22",1029.4
"2017-03-21",1116.4
"2017-03-20",1042.8
"2017-03-19",1016.5
"2017-03-18",971.51
"2017-03-17",1070.4
"2017-03-16",1168.6
"2017-03-15",1256.2
"2017-03-14",1245
"2017-03-13",1224.4
"2017-03-12",1172.1
"2017-03-11",1113.4
"2017-03-10",1190.3
"2017-03-09",1150
"2017-03-08",1232.3
"2017-03-07",1279.2
"2017-03-06",1278.4
"2017-03-05",1267
"2017-03-04",1289.7
"2017-03-03",1257.4
"2017-03-02",1234.8
"2017-03-01",1189.1
"2017-02-28",1195.9
"2017-02-27",1178.7
"2017-02-26",1153
"2017-02-25",1185.2
"2017-02-24",1190.7
"2017-02-23",1126.6
"2017-02-22",1129.6
"2017-02-21",1090.9
"2017-02-20",1056.2
"2017-02-19",1059.8
"2017-02-18",1056.9
"2017-02-17",1038.5
"2017-02-16",1014
"2017-02-15",1013.3
"2017-02-14",996.52
"2017-02-13",996
"2017-02-12",1000
"2017-02-11",992.99
"2017-02-10",984.99
"2017-02-09",1048.9
"2017-02-08",1052.1
"2017-02-07",1022.6
"2017-02-06",1006.6
"2017-02-05",1031.1
"2017-02-04",1016.9
"2017-02-03",1007
"2017-02-02",983.52
"2017-02-01",966.2
"2017-01-31",917.36
"2017-01-30",912.55
"2017-01-29",919.43
"2017-01-28",916.7
"2017-01-27",915.37
"2017-01-26",893.35
"2017-01-25",886.45
"2017-01-24",905.99
"2017-01-23",923.72
"2017-01-22",924.02
"2017-01-21",896.14
"2017-01-20",901.56
"2017-01-19",888.14
"2017-01-18",903.99
"2017-01-17",830.1
"2017-01-16",820.74
"2017-01-15",815.85
"2017-01-14",827.22
"2017-01-13",804.99
"2017-01-12",779.56
"2017-01-11",905.75
"2017-01-10",903.01
"2017-01-09",915.9
"2017-01-08",908.1
"2017-01-07",898.5
"2017-01-06",1003.4
"2017-01-05",1139.6
"2017-01-04",1038
"2017-01-03",1019.5
"2017-01-02",999.24
"2017-01-01",966.61
"2016-12-31",959.16
"2016-12-30",972
"2016-12-29",981.7
"2016-12-28",936.43
"2016-12-27",908.78
"2016-12-26",898.42
"2016-12-25",895.24
"2016-12-24",918.99
"2016-12-23",859
"2016-12-22",829.33
"2016-12-21",799.35
"2016-12-20",790.59
"2016-12-19",790.18
"2016-12-18",790.99
"2016-12-17",784.17
"2016-12-16",777.43
"2016-12-15",774.49
"2016-12-14",775
"2016-12-13",777.99
"2016-12-12",770.21
"2016-12-11",772.9
"2016-12-10",770.5
"2016-12-09",765.01
"2016-12-08",765.01
"2016-12-07",757.27
"2016-12-06",750.85
"2016-12-05",768.5
"2016-12-04",767.37
"2016-12-03",774.65
"2016-12-02",755.36
"2016-12-01",739
"2016-11-30",731.05
"2016-11-29",731.52
"2016-11-28",724.99
"2016-11-27",731.19
"2016-11-26",740.36
"2016-11-25",737.61
"2016-11-24",741.99
"2016-11-23",749.85
"2016-11-22",738.99
"2016-11-21",729.67
"2016-11-20",752.9
"2016-11-19",753.97
"2016-11-18",740.67
"2016-11-17",743.47
"2016-11-16",712
"2016-11-15",707.43
"2016-11-14",703.61
"2016-11-13",703.57
"2016-11-12",716.61
"2016-11-11",714.87
"2016-11-10",723.42
"2016-11-09",711.99
"2016-11-08",704.47
"2016-11-06",715.06
"2016-11-05",708.11
"2016-11-04",708.81
"2016-11-03",680.19
"2016-11-02",737.49
"2016-11-01",733
"2016-10-31",701.98
"2016-10-30",702.3
"2016-10-29",719.81
"2016-10-28",690.6
"2016-10-27",685.79
"2016-10-26",674.92
"2016-10-25",667.42
"2016-10-24",654.99
"2016-10-23",658.91
"2016-10-22",663.44
"2016-10-21",635.25
"2016-10-20",632.73
"2016-10-19",631.55
"2016-10-18",638.99
"2016-10-17",639.07
"2016-10-16",644.12
"2016-10-15",638.94
"2016-10-14",641.41
"2016-10-13",637.76
"2016-10-12",638.33
"2016-10-11",641.55
"2016-10-10",618.82
"2016-10-09",615.42
"2016-10-08",620.69
"2016-10-07",620.27
"2016-10-06",614.04
"2016-10-05",614.46
"2016-10-04",610.79
"2016-10-03",612.76
"2016-10-02",609.93
"2016-10-01",614.09
"2016-09-30",611.09
"2016-09-29",605.74
"2016-09-28",604.47
"2016-09-27",603.98
"2016-09-26",609.09
"2016-09-25",600.31
"2016-09-24",603.66
"2016-09-23",603.99
"2016-09-22",596.44
"2016-09-21",599
"2016-09-20",609.25
"2016-09-19",609.48
"2016-09-18",613.82
"2016-09-17",608.26
"2016-09-16",610.18
"2016-09-15",612.5
"2016-09-14",613.89
"2016-09-13",613.98
"2016-09-12",611.1
"2016-09-11",609.78
"2016-09-10",628.92
"2016-09-09",625.51
"2016-09-08",630.1
"2016-09-07",619.35
"2016-09-06",613.98
"2016-09-05",614.12
"2016-09-04",613.76
"2016-09-03",607.06
"2016-09-02",575.48
"2016-09-01",572.57
"2016-08-31",574.47
"2016-08-30",579.25
"2016-08-29",574.25
"2016-08-28",573.83
"2016-08-27",568.52
"2016-08-26",578.02
"2016-08-25",577.83
"2016-08-24",581.18
"2016-08-23",583.9
"2016-08-22",588.24
"2016-08-21",581.14
"2016-08-20",581.74
"2016-08-19",574.35
"2016-08-18",572.32
"2016-08-17",571.63
"2016-08-16",577
"2016-08-15",565.82
"2016-08-14",568.19
"2016-08-13",583.26
"2016-08-12",584.1
"2016-08-11",591.75
"2016-08-10",591.25
"2016-08-09",604.1
"2016-08-08",604.1
"2016-08-01",610.37
"2016-07-31",631.06
"2016-07-30",654.61
"2016-07-29",658.99
"2016-07-28",655.89
"2016-07-27",656.01
"2016-07-26",655.03
"2016-07-25",654.52
"2016-07-24",661.32
"2016-07-23",654.51
"2016-07-22",645.7
"2016-07-21",664.77
"2016-07-20",666.3
"2016-07-19",675.97
"2016-07-18",675.62
"2016-07-17",680.62
"2016-07-16",663.39
"2016-07-15",663.87
"2016-07-14",660.54
"2016-07-13",663.02
"2016-07-12",676.92
"2016-07-11",647.82
"2016-07-10",648.99
"2016-07-09",650.5
"2016-07-08",659.96
"2016-07-07",636.3
"2016-07-06",676.48
"2016-07-05",667.09
"2016-07-04",676.8
"2016-07-03",663.49
"2016-07-02",701.41
"2016-07-01",678.44
"2016-06-30",671.79
"2016-06-29",638
"2016-06-28",649.01
"2016-06-27",647
"2016-06-26",631.81
"2016-06-25",671.1
"2016-06-24",660.86
"2016-06-23",631.62
"2016-06-22",605
"2016-06-21",658.31
"2016-06-19",765.91
"2016-06-18",756.98
"2016-06-17",742.13
"2016-06-16",775.82
"2016-06-15",694.32
"2016-06-14",683.97
"2016-06-13",700.09
"2016-06-12",681.51
"2016-06-11",593.31
"2016-06-10",577.9
"2016-06-09",576.88
"2016-06-08",584.03
"2016-06-07",575.47
"2016-06-06",584.3
"2016-06-05",576.36
"2016-06-04",571.21
"2016-06-03",569.01
"2016-06-02",542.72
"2016-06-01",540.25
"2016-05-31",532.31
"2016-05-30",535.02
"2016-05-29",520.83
"2016-05-28",534.99
"2016-05-27",473.6
"2016-05-26",453.63
"2016-05-25",448.79
"2016-05-24",445.82
"2016-05-23",442.14
"2016-05-22",437.83
"2016-05-21",441.46
"2016-05-20",440.69
"2016-05-19",442.44
"2016-05-18",454.91
"2016-05-17",452.8
"2016-05-16",454.18
"2016-05-15",458.89
"2016-05-14",455.64
"2016-05-13",456.25
"2016-05-12",454.02
"2016-05-11",451.62
"2016-05-10",450.56
"2016-05-09",461.64
"2016-05-08",459.79
"2016-05-07",460.15
"2016-05-06",462.47
"2016-05-05",448.59
"2016-05-04",447
"2016-05-03",451.48
"2016-05-02",444.27
"2016-05-01",451.1
"2016-04-30",447.63
"2016-04-29",454.19
"2016-04-28",449.12
"2016-04-27",447.99
"2016-04-26",467.82
"2016-04-25",466.87
"2016-04-24",462.63
"2016-04-23",453.21
"2016-04-22",447.44
"2016-04-21",450.99
"2016-04-20",443.29
"2016-04-19",436
"2016-04-18",429.54
"2016-04-17",428.49
"2016-04-16",431.99
"2016-04-15",430.47
"2016-04-14",425.83
"2016-04-13",424.99
"2016-04-12",426.35
"2016-04-11",423.25
"2016-04-10",421.1
"2016-04-09",417.99
"2016-04-08",419.31
"2016-04-07",421.01
"2016-04-06",423.2
"2016-04-05",423.08
"2016-04-04",420.6
"2016-04-03",420.92
"2016-04-02",420.3
"2016-04-01",416.27
"2016-03-31",417.19
"2016-03-30",413.76
"2016-03-29",415.91
"2016-03-28",424.77
"2016-03-27",425.46
"2016-03-26",416.61
"2016-03-25",416.2
"2016-03-24",415.48
"2016-03-23",419.13
"2016-03-22",416.78
"2016-03-21",411.44
"2016-03-20",410.81
"2016-03-19",406.26
"2016-03-18",408.21
"2016-03-17",418.52
"2016-03-16",417.39
"2016-03-15",416.09
"2016-03-14",414.69
"2016-03-13",412.4
"2016-03-12",410.01
"2016-03-11",420.47
"2016-03-10",416.51
"2016-03-09",413.05
"2016-03-08",411.35
"2016-03-07",412.62
"2016-03-06",403.91
"2016-03-05",397.36
"2016-03-04",408.82
"2016-03-03",420.56
"2016-03-02",422.09
"2016-03-01",434.99
"2016-02-29",439.16
"2016-02-28",434.45
"2016-02-27",434.21
"2016-02-26",435.49
"2016-02-25",424.88
"2016-02-24",426.36
"2016-02-23",421.4
"2016-02-22",440.27
"2016-02-21",440.49
"2016-02-20",438.7
"2016-02-19",419.85
"2016-02-18",421.5
"2016-02-17",414.88
"2016-02-16",407.27
"2016-02-15",399.9
"2016-02-14",408.3
"2016-02-13",392.99
"2016-02-12",382.94
"2016-02-11",377.99
"2016-02-10",380.9
"2016-02-09",373.97
"2016-02-08",370.49
"2016-02-07",372.01
"2016-02-06",373.75
"2016-02-05",386.54
"2016-02-04",389.96
"2016-02-03",368.98
"2016-02-02",372.9
"2016-02-01",371.42
"2016-01-31",365.52
"2016-01-30",376.56
"2016-01-29",377.6
"2016-01-28",378.39
"2016-01-27",394.97
"2016-01-26",393.78
"2016-01-25",390.96
"2016-01-24",402.77
"2016-01-23",385.57
"2016-01-22",381.01
"2016-01-21",411.01
"2016-01-20",419.7
"2016-01-19",378.96
"2016-01-18",387.04
"2016-01-17",382
"2016-01-16",388.4
"2016-01-15",359.16
"2016-01-14",429.76
"2016-01-13",431.53
"2016-01-12",446.38
"2016-01-11",448.94
"2016-01-10",447.34
"2016-01-09",451.2
"2016-01-08",454.9
"2016-01-07",457.25
"2016-01-06",430.99
"2016-01-05",431.82
"2016-01-04",434.49
"2016-01-03",427.98
"2016-01-02",433.2
"2016-01-01",433.78
"2015-12-31",430.42
"2015-12-30",425.19
"2015-12-29",428.6
"2015-12-28",420.99
"2015-12-27",423.9
"2015-12-26",415.3
"2015-12-25",456.2
"2015-12-24",455.89
"2015-12-23",442
"2015-12-22",435.8
"2015-12-21",435.82
"2015-12-20",442.62
"2015-12-19",460.79
"2015-12-18",463.06
"2015-12-16",453.99
"2015-12-15",464.76
"2015-12-14",443
"2015-12-13",435
"2015-12-12",434
"2015-12-11",451.1
"2015-12-10",416.69
"2015-12-09",417.96
"2015-12-07",396.82
"2015-12-06",397.24
"2015-12-05",392.49
"2015-12-04",362.13
"2015-12-03",360.58
"2015-12-02",359.75
"2015-12-01",363.26
"2015-11-30",378.51
"2015-11-29",375.97
"2015-11-28",355.99
"2015-11-27",361.19
"2015-11-26",352.91
"2015-11-25",328.58
"2015-11-24",320.25
"2015-11-23",323.5
"2015-11-22",323.87
"2015-11-21",325.48
"2015-11-20",322.11
"2015-11-19",327.94
"2015-11-18",336.01
"2015-11-17",338.14
"2015-11-16",330.65
"2015-11-15",320.26
"2015-11-14",337.98
"2015-11-13",341.78
"2015-11-12",333.41
"2015-11-11",309.46
"2015-11-10",335.98
"2015-11-09",382.68
"2015-11-08",374.5
"2015-11-07",388.01
"2015-11-06",375.12
"2015-11-05",390.3
"2015-11-04",392.99
"2015-11-03",402.15
"2015-11-02",366.7
"2015-11-01",328.5
"2015-10-31",312.76
"2015-10-30",324.81
"2015-10-29",315.54
"2015-10-28",302.75
"2015-10-27",298.26
"2015-10-26",286.84
"2015-10-25",287.8
"2015-10-24",280.88
"2015-10-23",277.81
"2015-10-22",275.05
"2015-10-21",268.42
"2015-10-20",269.99
"2015-10-19",264.19
"2015-10-18",264.5
"2015-10-17",270.84
"2015-10-16",261.69
"2015-10-15",254.5
"2015-10-14",254.26
"2015-10-13",250.19
"2015-10-12",246.31
"2015-10-11",247.84
"2015-10-10",245.92
"2015-10-09",244.83
"2015-10-08",243.52
"2015-10-07",244.34
"2015-10-06",246.6
"2015-10-05",241.32
"2015-10-04",239.56
"2015-10-03",240.11
"2015-10-02",237.72
"2015-10-01",238.45
"2015-09-30",237.08
"2015-09-29",237.9
"2015-09-28",239.98
"2015-09-27",233.52
"2015-09-26",235.31
"2015-09-25",235.57
"2015-09-24",234
"2015-09-23",230.53
"2015-09-22",230.35
"2015-09-21",228.25
"2015-09-20",232.13
"2015-09-19",232.09
"2015-09-18",234.32
"2015-09-17",233.81
"2015-09-16",228.78
"2015-09-15",230.22
"2015-09-14",232.51
"2015-09-13",230.04
"2015-09-12",236.74
"2015-09-11",240.9
"2015-09-10",239.55
"2015-09-09",238.85
"2015-09-08",244.12
"2015-09-07",241.3
"2015-09-06",242.05
"2015-09-05",235.84
"2015-09-04",231.31
"2015-09-03",227.05
"2015-09-02",229.58
"2015-09-01",227.45
"2015-08-31",230.79
"2015-08-30",227.8
"2015-08-29",228.64
"2015-08-28",233.88
"2015-08-27",227.47
"2015-08-26",226.58
"2015-08-25",222.2
"2015-08-24",210.28
"2015-08-23",227.58
"2015-08-22",230.4
"2015-08-21",232.25
"2015-08-20",236.11
"2015-08-19",224.43
"2015-08-18",252.95
"2015-08-17",258.27
"2015-08-16",261
"2015-08-15",263.22
"2015-08-14",267.44
"2015-08-13",265.09
"2015-08-12",269.83
"2015-08-11",269.62
"2015-08-10",264.79
"2015-08-09",265.37
"2015-08-08",266.69
"2015-08-07",279.26
"2015-08-06",279.2
"2015-08-05",283.15
"2015-08-04",285.92
"2015-08-03",284.15
"2015-08-02",282.3
"2015-08-01",279.49
"2015-07-31",284.69
"2015-07-30",287.38
"2015-07-29",291.28
"2015-07-28",295.15
"2015-07-27",297.34
"2015-07-26",292.65
"2015-07-25",288.03
"2015-07-24",289.38
"2015-07-23",275.95
"2015-07-22",276.44
"2015-07-21",279.37
"2015-07-20",278.22
"2015-07-19",275.01
"2015-07-18",277.21
"2015-07-17",279.54
"2015-07-16",280.95
"2015-07-15",290.93
"2015-07-14",290.1
"2015-07-13",293.3
"2015-07-12",307.89
"2015-07-11",294.27
"2015-07-10",286.36
"2015-07-09",270.31
"2015-07-08",267.14
"2015-07-07",265.85
"2015-07-06",273.94
"2015-07-05",270.75
"2015-07-04",261.49
"2015-07-03",255.38
"2015-07-02",254.44
"2015-07-01",259.42
"2015-06-30",263.81
"2015-06-29",255.17
"2015-06-28",248.96
"2015-06-27",251.7
"2015-06-26",242.74
"2015-06-25",241.49
"2015-06-24",240.8
"2015-06-23",244.81
"2015-06-22",247.42
"2015-06-21",244.13
"2015-06-20",244.68
"2015-06-19",246.84
"2015-06-18",249.57
"2015-06-17",247.99
"2015-06-16",248.09
"2015-06-15",236.82
"2015-06-14",233.09
"2015-06-13",233.03
"2015-06-12",229.6
"2015-06-11",229.48
"2015-06-10",228.85
"2015-06-09",229.92
"2015-06-08",228.49
"2015-06-07",223.32
"2015-06-06",224.73
"2015-06-05",225.22
"2015-06-04",223.99
"2015-06-03",225.6
"2015-06-02",224.78
"2015-06-01",220.43
"2015-05-31",229.4
"2015-05-30",231.52
"2015-05-29",236.6
"2015-05-28",236.8
"2015-05-27",236.22
"2015-05-26",237.86
"2015-05-25",237.15
"2015-05-24",241.47
"2015-05-23",239.11
"2015-05-21",235.21
"2015-05-20",233.73
"2015-05-19",232.42
"2015-05-18",232.17
"2015-05-17",235.96
"2015-05-16",236.06
"2015-05-15",237.02
"2015-05-14",236.6
"2015-05-13",235.47
"2015-05-12",242.1
"2015-05-11",243.19
"2015-05-10",240.87
"2015-05-09",243.08
"2015-05-08",245.48
"2015-05-07",238.28
"2015-05-06",230.73
"2015-05-05",235.56
"2015-05-04",238.93
"2015-05-03",240.13
"2015-05-02",235.66
"2015-05-01",234.17
"2015-04-30",236.01
"2015-04-29",226.1
"2015-04-28",224.99
"2015-04-27",230.51
"2015-04-26",219.5
"2015-04-25",226.98
"2015-04-24",230.7
"2015-04-23",234.5
"2015-04-22",233.29
"2015-04-21",233.49
"2015-04-20",223.55
"2015-04-19",222.8
"2015-04-18",223.26
"2015-04-17",222.49
"2015-04-16",230
"2015-04-15",221.45
"2015-04-14",218.14
"2015-04-13",222.44
"2015-04-12",236
"2015-04-11",235.59
"2015-04-10",234.21
"2015-04-09",242.94
"2015-04-08",246.15
"2015-04-07",255.46
"2015-04-06",256.35
"2015-04-05",257.79
"2015-04-04",253.44
"2015-04-03",253.6
"2015-04-02",252.24
"2015-04-01",246.32
"2015-03-31",246.72
"2015-03-30",247.66
"2015-03-29",243
"2015-03-28",253.45
"2015-03-27",248.08
"2015-03-26",249.18
"2015-03-25",246.25
"2015-03-24",249.06
"2015-03-23",267.59
"2015-03-22",269
"2015-03-21",260.74
"2015-03-20",262.52
"2015-03-19",261.93
"2015-03-18",255.99
"2015-03-17",284.12
"2015-03-16",291.19
"2015-03-15",287.12
"2015-03-14",283.8
"2015-03-13",287.91
"2015-03-12",295.81
"2015-03-11",296.62
"2015-03-10",294.76
"2015-03-09",290.87
"2015-03-08",274.55
"2015-03-07",276.33
"2015-03-06",274
"2015-03-05",277.1
"2015-03-04",272.99
"2015-03-03",282.86
"2015-03-02",274.53
"2015-03-01",261.65
"2015-02-28",255.89
"2015-02-27",257.75
"2015-02-26",237.03
"2015-02-25",237.88
"2015-02-24",239.79
"2015-02-23",238.72
"2015-02-22",236.69
"2015-02-21",245.3
"2015-02-20",245.31
"2015-02-19",241.32
"2015-02-18",234.82
"2015-02-17",242.31
"2015-02-16",236.88
"2015-02-15",234
"2015-02-14",258.9
"2015-02-13",236.5
"2015-02-12",223.01
"2015-02-11",219.16
"2015-02-10",221.46
"2015-02-09",219.88
"2015-02-08",224.39
"2015-02-07",229.02
"2015-02-06",223.4
"2015-02-05",217.2
"2015-02-04",226.39
"2015-02-03",229.7
"2015-02-02",240.86
"2015-02-01",227.43
"2015-01-31",221.5
"2015-01-30",228.68
"2015-01-29",231.48
"2015-01-28",236.22
"2015-01-27",264.47
"2015-01-26",274.11
"2015-01-25",253.9
"2015-01-24",247.98
"2015-01-23",231.4
"2015-01-22",232.5
"2015-01-21",225.97
"2015-01-20",212.5
"2015-01-19",218
"2015-01-18",211.45
"2015-01-17",199.85
"2015-01-16",208.97
"2015-01-15",209.51
"2015-01-14",178
"2015-01-13",222.53
"2015-01-12",269.08
"2015-01-11",268.41
"2015-01-10",278.45
"2015-01-09",290.01
"2015-01-08",284.16
"2015-01-06",287.61
"2015-01-05",279.5
"2015-01-04",260.62
"2015-01-03",287.8
"2015-01-02",315.2
"2015-01-01",315.03
"2014-12-31",319.85
"2014-12-30",310.5
"2014-12-29",314.28
"2014-12-28",316.6
"2014-12-27",315.86
"2014-12-26",330.52
"2014-12-25",317.63
"2014-12-24",323
"2014-12-23",335.8
"2014-12-22",330.78
"2014-12-21",322.16
"2014-12-20",329.41
"2014-12-19",318.79
"2014-12-18",311.06
"2014-12-17",318.83
"2014-12-16",329.04
"2014-12-15",346.85
"2014-12-14",353.06
"2014-12-13",347.79
"2014-12-12",352.67
"2014-12-11",348.58
"2014-12-10",347.65
"2014-12-09",351.38
"2014-12-08",365.5
"2014-12-07",376.95
"2014-12-06",376.26
"2014-12-05",378.61
"2014-12-04",370.57
"2014-12-03",376.61
"2014-12-02",384.54
"2014-12-01",382.7
"2014-11-30",378.45
"2014-11-29",377.77
"2014-11-28",378
"2014-11-27",369.01
"2014-11-26",366.95
"2014-11-25",377.86
"2014-11-24",382.1
"2014-11-23",366.31
"2014-11-22",352.1
"2014-11-20",356.5
"2014-11-19",375
"2014-11-18",375
"2014-11-17",387.99
"2014-11-16",391
"2014-11-15",378
"2014-11-14",398.3
"2014-11-13",419.25
"2014-11-12",420.05
"2014-11-11",366.25
"2014-11-10",367.29
"2014-11-09",359.81
"2014-11-08",345.36
"2014-11-07",341.25
"2014-11-06",347.8
"2014-11-05",339.7
"2014-11-04",328.2
"2014-11-03",324
"2014-11-02",324.38
"2014-11-01",324.53
"2014-10-31",339.62
"2014-10-30",346.02
"2014-10-29",333.72
"2014-10-28",352.53
"2014-10-27",351.25
"2014-10-26",353
"2014-10-25",347.86
"2014-10-24",355.6
"2014-10-23",359
"2014-10-22",381.93
"2014-10-21",385.29
"2014-10-20",382.61
"2014-10-19",388.41
"2014-10-18",390
"2014-10-16",379.03
"2014-10-15",393.25
"2014-10-14",403.53
"2014-10-13",397.51
"2014-10-12",376
"2014-10-11",361.61
"2014-10-10",357.78
"2014-10-09",360
"2014-10-08",353.99
"2014-10-07",329.93
"2014-10-06",336
"2014-10-05",306.48
"2014-10-04",334.69
"2014-10-03",358.67
"2014-10-02",372.82
"2014-10-01",384.2
"2014-09-30",390
"2014-09-29",374.2
"2014-09-27",399.99
"2014-09-26",406.87
"2014-09-25",413.63
"2014-09-24",425.9
"2014-09-23",437
"2014-09-22",405.57
"2014-09-21",396.97
"2014-09-20",407.65
"2014-09-19",396.78
"2014-09-18",423.79
"2014-09-17",453
"2014-09-16",464.51
"2014-09-15",476.43
"2014-09-14",478.33
"2014-09-13",478.46
"2014-09-12",473.39
"2014-09-11",476.76
"2014-09-10",476.49
"2014-09-08",470.5
"2014-09-07",482.12
"2014-09-06",484.49
"2014-09-05",480.53
"2014-09-04",491.41
"2014-09-03",476.29
"2014-09-02",476.73
"2014-09-01",479
"2014-08-31",480.49
"2014-08-30",498.55
"2014-08-29",507.3
"2014-08-28",505.23
"2014-08-27",511.15
"2014-08-26",506.5
"2014-08-25",500.68
"2014-08-24",513.35
"2014-08-23",498.7
"2014-08-22",517.06
"2014-08-21",523.28
"2014-08-20",510.5
"2014-08-19",478.2
"2014-08-18",456.61
"2014-08-17",490
"2014-08-16",516.99
"2014-08-15",493.6
"2014-08-14",503
"2014-08-13",544.07
"2014-08-12",566.51
"2014-08-11",572.15
"2014-08-10",586.8
"2014-08-09",588.03
"2014-08-08",591.87
"2014-08-07",587.58
"2014-08-06",581.36
"2014-08-05",582.85
"2014-08-04",586.6
"2014-08-03",585.71
"2014-08-02",594.89
"2014-08-01",594.6
"2014-07-31",584.02
"2014-07-30",563.64
"2014-07-29",584.35
"2014-07-28",586.54
"2014-07-27",594.69
"2014-07-26",593.13
"2014-07-25",600
"2014-07-24",601
"2014-07-23",618.9
"2014-07-22",620.3
"2014-07-21",618.39
"2014-07-20",623.17
"2014-07-19",628.01
"2014-07-18",628
"2014-07-17",622.97
"2014-07-16",616.12
"2014-07-15",619.95
"2014-07-14",619.98
"2014-07-13",629.9
"2014-07-12",634
"2014-07-11",633.7
"2014-07-10",617.01
"2014-07-09",626
"2014-07-08",625.1
"2014-07-07",623.48
"2014-07-06",636
"2014-07-05",630.9
"2014-07-04",630.1
"2014-07-03",640.94
"2014-07-02",651.98
"2014-07-01",649
"2014-06-30",638.96
"2014-06-29",597.9
"2014-06-28",600.78
"2014-06-27",583.99
"2014-06-26",574
"2014-06-25",564.69
"2014-06-24",586.6
"2014-06-23",588
"2014-06-22",602.73
"2014-06-21",596
"2014-06-20",592.4
"2014-06-19",597.39
"2014-06-18",606.4
"2014-06-17",613.3
"2014-06-16",599.61
"2014-06-15",570.08
"2014-06-14",564.79
"2014-06-13",604.53
"2014-06-12",591.26
"2014-06-11",637.8
"2014-06-10",657.14
"2014-06-09",650.49
"2014-06-08",657.84
"2014-06-07",656.7
"2014-06-06",652.5
"2014-06-05",662.7
"2014-06-04",645
"2014-06-03",664.95
"2014-06-01",646
"2014-05-31",625
"2014-05-30",625.11
"2014-05-29",572.48
"2014-05-28",573.32
"2014-05-27",577.2
"2014-05-26",584.2
"2014-05-24",526.9
"2014-05-23",528
"2014-05-22",527
"2014-05-21",494
"2014-05-20",488.44
"2014-05-19",447
"2014-05-18",447.2
"2014-05-17",448.4
"2014-05-16",448.5
"2014-05-15",446.97
"2014-05-14",447
"2014-05-13",437.82
"2014-05-12",439.41
"2014-05-11",436.85
"2014-05-10",455
"2014-05-08",442
"2014-05-07",446
"2014-05-06",430.8999
"2014-05-05",430.75
"2014-05-04",436.4
"2014-05-03",441.3
"2014-05-02",449.85
"2014-05-01",460.1
"2014-04-30",449.37
"2014-04-29",445.54
"2014-04-28",445.4
"2014-04-27",445
"2014-04-26",457.6
"2014-04-25",463.79
"2014-04-24",497.98
"2014-04-23",490.03
"2014-04-22",491.2
"2014-04-21",497
"2014-04-20",501.44
"2014-04-19",507.4999
"2014-04-18",482.75
"2014-04-17",508
"2014-04-16",538
"2014-04-15",505
