Date,Adj.Close
2020-11-06,14155.59
2020-11-05,14023.31
2020-11-04,13575.17
2020-11-03,13758.88
2020-11-02,13810.32
2020-11-01,13564.72
2020-10-31,13458.66
2020-10-30,13289.0
2020-10-29,13651.47
2020-10-28,13076.37
2020-10-27,13036.77
2020-10-26,13128.46
2020-10-25,12944.52
2020-10-24,12990.25
2020-10-23,12831.56
2020-10-22,11925.46
2020-10-21,11758.16
2020-10-20,11508.2
2020-10-19,11366.51
2020-10-18,11327.57
2020-10-17,11503.73
2020-10-16,11431.32
2020-10-15,11428.24
2020-10-14,11540.04
2020-10-13,11376.61
2020-10-12,11302.67
2020-10-11,11063.19
2020-10-10,10923.3
2020-10-09,10670.8
2020-10-08,10603.74
2020-10-07,10788.56
2020-10-06,10673.46
2020-10-05,10551.77
2020-10-04,10575.06
2020-10-03,10619.24
2020-10-02,10777.92
2020-10-01,10840.8
2020-09-30,10692.33
2020-09-29,10774.24
2020-09-28,10732.4
2020-09-27,10692.84
2020-09-26,10732.43
2020-09-25,10234.48
2020-09-24,10532.22
2020-09-23,10430.46
2020-09-22,10919.65
2020-09-21,11081.43
2020-09-20,10931.79
2020-09-19,10943.89
2020-09-18,10948.43
2020-09-17,10785.62
2020-09-16,10674.64
2020-09-15,10330.77
2020-09-14,10446.44
2020-09-13,10395.44
2020-09-12,10352.66
2020-09-11,10227.83
2020-09-10,10121.52
2020-09-09,10367.74
2020-09-08,10254.93
2020-09-07,10159.62
2020-09-06,10467.89
2020-09-05,10187.51
2020-09-04,11397.44
2020-09-03,11923.25
2020-09-02,11659.57
2020-09-01,11707.78
2020-08-31,11481.64
2020-08-30,11534.75
2020-08-29,11302.01
2020-08-28,11467.37
2020-08-27,11337.4
2020-08-26,11763.93
2020-08-25,11653.02
2020-08-24,11683.44
2020-08-23,11522.8
2020-08-22,11865.82
2020-08-21,11734.0
2020-08-20,11969.53
2020-08-19,12293.72
2020-08-18,11914.01
2020-08-17,11873.98
2020-08-16,11774.38
2020-08-15,11777.43
2020-08-14,11573.11
2020-08-13,11392.43
2020-08-12,11893.03
2020-08-11,11684.06
2020-08-10,11767.6
2020-08-09,11605.6
2020-08-08,11772.94
2020-08-07,11750.28
2020-08-06,11194.25
2020-08-05,11242.57
2020-08-04,11077.77
2020-08-03,11823.69
2020-08-02,11343.88
2020-08-01,11114.93
2020-07-31,11102.67
2020-07-30,10934.94
2020-07-29,11042.4
2020-07-28,9938.83
2020-07-27,9707.5
2020-07-26,9551.28
2020-07-25,9613.11
2020-07-24,9537.4
2020-07-23,9392.66
2020-07-22,9163.87
2020-07-21,9214.66
2020-07-20,9174.71
2020-07-19,9154.19
2020-07-18,9131.0
2020-07-17,9193.51
2020-07-16,9254.52
2020-07-15,9238.13
2020-07-14,9295.9
2020-07-13,9235.96
2020-07-12,9287.4
2020-07-11,9238.04
2020-07-10,9440.07
2020-07-09,9256.23
2020-07-08,9348.91
2020-07-07,9089.09
2020-07-06,9131.31
2020-07-05,9072.42
2020-07-04,9087.98
2020-07-03,9236.38
2020-07-02,9133.97
2020-07-01,9185.35
2020-06-30,9127.47
2020-06-29,9004.23
2020-06-28,9154.45
2020-06-27,9240.85
2020-06-26,9276.58
2020-06-25,9621.49
2020-06-24,9691.9
2020-06-23,9284.78
2020-06-22,9357.43
2020-06-21,9300.15
2020-06-20,9380.03
2020-06-19,9454.81
2020-06-18,9526.0
2020-06-17,9426.7
2020-06-16,9330.07
2020-06-15,9473.5
2020-06-14,9459.97
2020-06-13,9286.42
2020-06-12,9892.13
2020-06-11,9775.15
2020-06-10,9782.59
2020-06-09,9753.85
2020-06-08,9670.43
2020-06-07,9623.75
2020-06-06,9794.56
2020-06-05,9658.04
2020-06-04,9525.57
2020-06-03,10204.23
2020-06-02,9450.84
2020-06-01,9698.1
2020-05-31,9425.98
2020-05-30,9569.21
2020-05-29,9197.54
2020-05-28,8842.85
2020-05-27,8899.66
2020-05-26,8730.73
2020-05-25,9178.32
2020-05-24,9167.26
2020-05-23,9057.57
2020-05-22,9510.67
2020-05-21,9785.74
2020-05-20,9719.37
2020-05-19,9669.4
2020-05-18,9385.7
2020-05-17,9303.59
2020-05-16,9790.31
2020-05-15,9305.93
2020-05-14,8814.53
2020-05-13,8617.25
2020-05-12,8754.46
2020-05-11,9527.39
2020-05-10,9821.8
2020-05-09,10002.48
2020-05-08,9170.79
2020-05-07,9030.96
2020-05-06,8885.93
2020-05-05,8903.95
2020-05-04,8973.82
2020-05-03,8824.66
2020-05-02,8628.77
2020-05-01,8777.63
2020-04-30,7765.33
2020-04-29,7790.66
2020-04-28,7699.27
2020-04-27,7549.52
2020-04-26,7507.08
2020-04-25,7477.6
2020-04-24,7130.99
2020-04-23,6852.52
2020-04-22,6840.24
2020-04-21,7130.04
2020-04-20,7259.36
2020-04-19,7034.89
2020-04-18,7112.27
2020-04-17,6623.8
2020-04-16,6871.95
2020-04-15,6857.66
2020-04-14,6915.37
2020-04-13,6891.6
2020-04-12,6873.24
2020-04-11,7293.69
2020-04-10,7365.03
2020-04-09,7205.55
2020-04-08,7343.2
2020-04-07,6777.44
2020-04-06,6871.69
2020-04-05,6741.67
2020-04-04,6809.11
2020-04-03,6652.87
2020-04-02,6428.28
2020-04-01,6405.29
2020-03-31,5885.41
2020-03-30,6260.95
2020-03-29,6369.09
2020-03-28,6763.75
2020-03-27,6698.46
2020-03-26,6768.49
2020-03-25,6502.16
2020-03-24,5822.62
2020-03-23,6189.85
2020-03-22,6226.44
2020-03-21,6195.2
2020-03-20,5410.23
2020-03-19,5357.61
2020-03-18,5026.35
2020-03-17,5348.44
2020-03-16,5166.26
2020-03-15,5609.03
2020-03-14,4830.21
2020-03-13,7936.65
2020-03-12,7885.46
2020-03-11,7931.94
2020-03-10,8039.38
2020-03-09,8898.63
2020-03-08,9155.89
2020-03-07,9067.39
2020-03-06,8758.9
2020-03-05,8754.34
2020-03-04,8912.82
2020-03-03,8534.17
2020-03-02,8531.42
2020-03-01,8712.35
2020-02-29,8804.72
2020-02-28,8785.52
2020-02-27,9309.15
2020-02-26,9663.75
2020-02-25,9989.39
2020-02-24,9669.63
2020-02-23,9696.58
2020-02-22,9606.86
2020-02-21,9604.72
2020-02-20,10180.65
2020-02-19,9703.93
2020-02-18,9937.67
2020-02-17,9904.17
2020-02-16,10368.53
2020-02-15,10242.43
2020-02-14,10354.3
2020-02-13,10275.38
2020-02-12,9854.79
2020-02-11,10162.41
2020-02-10,9907.12
2020-02-09,9807.54
2020-02-08,9755.66
2020-02-07,9614.9
2020-02-06,9162.14
2020-02-05,9284.51
2020-02-04,9314.56
2020-02-03,9378.09
2020-02-02,9333.77
2020-02-01,9502.37
2020-01-31,9279.81
2020-01-30,9385.69
2020-01-29,8895.78
2020-01-28,8588.42
2020-01-27,8327.36
2020-01-26,8428.17
2020-01-25,8388.11
2020-01-24,8658.94
2020-01-23,8722.26
2020-01-22,8626.47
2020-01-21,8703.36
2020-01-20,8910.85
2020-01-19,8900.34
2020-01-18,8722.03
2020-01-17,8813.89
2020-01-16,8842.42
2020-01-15,8105.24
2020-01-14,8173.97
2020-01-13,8021.49
2020-01-12,8184.66
2020-01-11,7817.92
2020-01-10,8042.65
2020-01-09,8165.47
2020-01-08,7759.24
2020-01-07,7351.57
2020-01-06,7347.89
2020-01-05,7326.35
2020-01-04,6944.33
2020-01-03,7175.68
2020-01-02,7168.31
2020-01-01,7219.6
2019-12-31,7385.36
2019-12-30,7301.07
2019-12-29,7243.93
2019-12-28,7194.4
2019-12-27,7192.72
2019-12-26,7250.69
2019-12-25,7322.08
2019-12-24,7514.41
2019-12-23,7143.2
2019-12-22,7190.17
2019-12-21,7150.86
2019-12-20,7284.29
2019-12-19,6612.12
2019-12-18,6879.54
2019-12-17,7111.14
2019-12-16,7067.74
2019-12-15,7251.87
2019-12-14,7189.16
2019-12-13,7202.31
2019-12-12,7220.76
2019-12-11,7337.42
2019-12-10,7522.39
2019-12-09,7504.83
2019-12-08,7547.19
2019-12-07,7395.97
2019-12-06,7192.85
2019-12-05,7296.77
2019-12-04,7309.59
2019-12-03,7402.69
2019-12-02,7557.72
2019-12-01,7757.47
2019-11-30,7431.0
2019-11-29,7523.83
2019-11-28,7163.63
2019-11-27,7130.25
2019-11-26,6907.4
2019-11-25,7324.03
2019-11-24,7286.35
2019-11-23,7617.07
2019-11-22,8081.81
2019-11-21,8120.8
2019-11-20,8175.99
2019-11-19,8503.93
2019-11-18,8482.7
2019-11-17,8457.69
2019-11-16,8632.32
2019-11-15,8762.42
2019-11-14,8801.52
2019-11-13,8717.81
2019-11-12,9037.12
2019-11-11,8809.41
2019-11-10,8766.04
2019-11-09,9204.24
2019-11-08,9343.34
2019-11-07,9310.19
2019-11-06,9418.05
2019-11-05,9206.16
2019-11-04,9301.18
2019-11-03,9252.99
2019-11-02,9147.98
2019-11-01,9164.62
2019-10-31,9433.35
2019-10-30,9218.76
2019-10-29,9551.54
2019-10-28,9259.8
2019-10-27,8666.79
2019-10-26,7431.88
2019-10-25,7469.56
2019-10-24,8026.76
2019-10-23,8222.52
2019-10-22,8231.06
2019-10-21,7960.04
2019-10-20,7954.15
2019-10-19,8076.78
2019-10-18,8002.51
2019-10-17,8162.16
2019-10-16,8353.54
2019-10-15,8283.76
2019-10-14,8308.01
2019-10-13,8269.73
2019-10-12,8586.9
2019-10-11,8587.92
2019-10-10,8190.0
2019-10-09,8212.02
2019-10-08,7869.74
2019-10-07,8147.69
2019-10-06,8155.48
2019-10-05,8236.17
2019-10-04,8382.03
2019-10-03,8322.92
2019-10-02,8307.74
2019-10-01,8056.74
2019-09-30,8225.0
2019-09-29,8193.9
2019-09-28,8055.64
2019-09-27,8432.23
2019-09-26,8553.61
2019-09-25,9683.38
2019-09-24,10033.05
2019-09-23,9979.49
2019-09-22,10173.11
2019-09-21,10275.88
2019-09-20,10157.59
2019-09-19,10190.36
2019-09-18,10265.63
2019-09-17,10310.43
2019-09-16,10361.33
2019-09-15,10363.9
2019-09-14,10420.16
2019-09-13,10159.32
2019-09-12,10101.03
2019-09-11,10313.66
2019-09-10,10406.31
2019-09-09,10487.21
2019-09-08,10317.47
2019-09-07,10577.8
2019-09-06,10584.16
2019-09-05,10621.29
2019-09-04,10386.64
2019-09-03,9769.79
2019-09-02,9600.9
2019-09-01,9577.99
2019-08-31,9484.55
2019-08-30,9717.82
2019-08-29,10171.95
2019-08-28,10360.28
2019-08-27,10135.06
2019-08-26,10143.8
2019-08-25,10405.81
2019-08-24,10111.98
2019-08-23,10129.4
2019-08-22,10760.56
2019-08-21,10917.26
2019-08-20,10317.6
2019-08-19,10214.52
2019-08-18,10359.44
2019-08-17,10302.17
2019-08-16,10016.96
2019-08-15,10858.12
2019-08-14,11386.26
2019-08-13,11566.84
2019-08-12,11282.22
2019-08-11,11856.64
2019-08-10,11996.41
2019-08-09,11960.82
2019-08-08,11465.67
2019-08-07,11787.99
2019-08-06,10980.23
2019-08-05,10814.57
2019-08-04,10529.55
2019-08-03,10407.17
2019-08-02,10084.7
2019-08-01,9589.13
2019-07-31,9501.33
2019-07-30,9530.0
2019-07-29,9473.99
2019-07-28,9848.65
2019-07-27,9875.17
2019-07-26,9772.17
2019-07-25,9844.3
2019-07-24,10323.62
2019-07-23,10587.41
2019-07-22,10764.9
2019-07-21,10535.75
2019-07-20,10638.56
2019-07-19,9674.28
2019-07-18,9397.72
2019-07-17,10873.5
2019-07-16,10186.96
2019-07-15,11389.1
2019-07-14,11803.97
2019-07-13,11352.87
2019-07-12,12099.9
2019-07-11,12586.78
2019-07-10,12313.08
2019-07-09,11477.01
2019-07-08,11232.04
2019-07-07,10955.16
2019-07-06,11160.49
2019-07-05,11984.76
2019-07-04,10805.4
2019-07-03,10578.72
2019-07-02,10737.73
2019-07-01,11890.38
2019-06-30,12374.35
2019-06-29,11132.85
2019-06-28,12932.55
2019-06-27,11766.4
2019-06-26,11017.5
2019-06-25,10814.48
2019-06-24,10668.63
2019-06-23,10209.38
2019-06-22,9531.35
2019-06-21,9281.7
2019-06-20,9076.18
2019-06-19,9327.48
2019-06-18,8978.99
2019-06-17,8859.47
2019-06-16,8693.6
2019-06-15,8237.88
2019-06-14,8173.06
2019-06-13,7917.58
2019-06-12,8020.38
2019-06-11,7640.61
2019-06-10,7931.34
2019-06-09,7998.29
2019-06-08,7803.23
2019-06-07,7786.04
2019-06-06,7675.8
2019-06-05,8134.92
2019-06-04,8739.03
2019-06-03,8554.8
2019-06-02,8553.81
2019-06-01,8272.46
2019-05-31,8662.98
2019-05-30,8719.88
2019-05-29,8770.06
2019-05-28,8744.42
2019-05-27,8071.45
2019-05-26,8003.26
2019-05-25,7880.29
2019-05-24,7625.93
2019-05-23,7952.5
2019-05-22,8007.03
2019-05-21,8193.7
2019-05-20,7265.05
2019-05-19,7362.22
2019-05-18,7885.96
2019-05-17,8206.9
2019-05-16,7992.69
2019-05-15,7823.11
2019-05-14,6978.63
2019-05-13,7248.31
2019-05-12,6348.02
2019-05-11,6146.91
2019-05-10,5936.72
2019-05-09,5755.72
2019-05-08,5684.47
2019-05-07,5717.66
2019-05-06,5771.08
2019-05-05,5657.14
2019-05-04,5390.16
2019-05-03,5326.67
2019-05-02,5269.79
2019-05-01,5260.65
2019-04-30,5301.29
2019-04-29,5280.19
2019-04-28,5292.83
2019-04-27,5195.61
2019-04-26,5434.19
2019-04-25,5518.16
2019-04-24,5377.19
2019-04-23,5281.83
2019-04-22,5309.28
2019-04-21,5277.04
2019-04-20,5276.31
2019-04-19,5220.37
2019-04-18,5196.65
2019-04-17,5036.18
2019-04-16,5152.51
2019-04-15,5064.62
2019-04-14,5072.85
2019-04-13,5035.02
2019-04-12,5310.18
2019-04-11,5175.81
2019-04-10,5268.71
2019-04-09,5189.39
2019-04-08,5053.52
2019-04-07,5028.77
2019-04-06,4911.24
2019-04-05,4959.81
2019-04-04,4882.88
2019-04-03,4152.53
2019-04-02,4114.16
2019-04-01,4114.44
2019-03-31,4115.55
2019-03-30,4037.37
2019-03-29,4048.51
2019-03-28,3947.74
2019-03-27,3935.89
2019-03-26,3994.11
2019-03-25,4011.92
2019-03-24,3999.06
2019-03-23,3992.34
2019-03-22,4056.4
2019-03-21,4029.11
2019-03-20,3998.77
2019-03-19,3994.92
2019-03-18,4015.95
2019-03-17,3936.5
2019-03-16,3885.21
2019-03-15,3877.77
2019-03-14,3892.51
2019-03-13,3881.09
2019-03-12,3928.17
2019-03-11,3950.56
2019-03-10,3875.96
2019-03-09,3886.82
2019-03-08,3876.85
2019-03-07,3872.25
2019-03-06,3730.98
2019-03-05,3814.58
2019-03-04,3831.44
2019-03-03,3834.62
2019-03-02,3850.08
2019-03-01,3833.23
2019-02-28,3831.45
2019-02-27,3848.33
2019-02-26,3766.89
2019-02-25,4139.6
2019-02-24,3983.48
2019-02-23,3944.88
2019-02-22,3987.18
2019-02-21,3926.53
2019-02-20,3910.8
2019-02-19,3670.74
2019-02-18,3619.55
2019-02-17,3608.2
2019-02-16,3600.31
2019-02-15,3614.5
2019-02-14,3632.42
2019-02-13,3629.47
2019-02-12,3686.29
2019-02-11,3664.38
2019-02-10,3661.08
2019-02-09,3394.76
2019-02-08,3405.7
2019-02-07,3467.34
2019-02-06,3452.35
2019-02-05,3456.02
2019-02-04,3506.22
2019-02-03,3475.33
2019-02-02,3444.81
2019-02-01,3470.0
2019-01-31,3421.6
2019-01-30,3448.58
2019-01-29,3554.5
2019-01-28,3576.3
2019-01-27,3577.79
2019-01-26,3586.25
2019-01-25,3566.4
2019-01-24,3587.35
2019-01-23,3540.02
2019-01-22,3548.4275
2019-01-21,3620.1275
2019-01-20,3690.52333333
2019-01-19,3632.395
2019-01-18,3619.96416667
2019-01-17,3621.27083333
2019-01-16,3656.785
2019-01-15,3604.1175
2019-01-14,3599.84166667
2019-01-13,3646.34583333
2019-01-12,3656.73583333
2019-01-11,3812.58583333
2019-01-10,4034.13833333
2019-01-09,4035.855
2019-01-08,4036.09333333
2019-01-07,3920.45666667
2019-01-06,3868.4875
2019-01-05,3822.62666667
2019-01-04,3865.7975
2019-01-03,3867.13833333
2019-01-02,3752.27166667
2019-01-01,3791.54583333
2018-12-31,3832.92166667
2018-12-30,3912.28583333
2018-12-29,3743.905
2018-12-28,3747.83916667
2018-12-27,3825.37916667
2018-12-26,3813.88
2018-12-25,4178.59083333
2018-12-24,4027.47833333
2018-12-23,3910.97333333
2018-12-22,4015.60916667
2018-12-21,3982.85083333
2018-12-20,3808.0425
2018-12-19,3567.47
2018-12-18,3392.405
2018-12-17,3271.23833333
2018-12-16,3225.29916667
2018-12-15,3278.37416667
2018-12-14,3406.7625
2018-12-13,3462.04
2018-12-12,3426.19
2018-12-11,3523.96
2018-12-10,3528.80333333
2018-12-09,3435.34
2018-12-08,3405.64333333
2018-12-07,3742.94333333
2018-12-06,3858.34916667
2018-12-05,3961.49333333
2018-12-04,3967.52416667
2018-12-03,4167.54666667
2018-12-02,4116.7775
2018-12-01,4106.87166667
2018-11-30,4263.78333333
2018-11-29,4103.45384615
2018-11-28,3751.66833333
2018-11-27,3920.53666667
2018-11-26,3823.51166667
2018-11-25,4293.84083333
2018-11-24,4309.3375
2018-11-23,4548.7975
2018-11-22,4533.68083333
2018-11-21,4671.97
2018-11-20,5303.9425
2018-11-19,5606.04416667
2018-11-18,5558.24333333
2018-11-17,5596.1925
2018-11-16,5615.18
2018-11-15,6176.155
2018-11-14,6372.06333333
2018-11-13,6401.93666667
2018-11-12,6378.26833333
2018-11-11,6399.03333333
2018-11-10,6411.28083333
2018-11-09,6486.25166667
2018-11-08,6538.79
2018-11-07,6445.35416667
2018-11-06,6436.965
2018-11-05,6391.87333333
2018-11-04,6363.79583333
2018-11-03,6387.67416667
2018-11-02,6342.28083333
2018-11-01,6310.28416667
2018-10-31,6309.45285714
2018-10-30,6382.66833333
2018-10-29,6448.22166667
2018-10-28,6465.9175
2018-10-27,6473.75333333
2018-10-26,6478.0825
2018-10-25,6508.31
2018-10-24,6481.426
2018-10-23,6498.48583333
2018-10-22,6531.60166667
2018-10-21,6488.82583333
2018-10-20,6487.44416667
2018-10-19,6568.04076923
2018-10-18,6596.27615385
2018-10-17,6596.61833333
2018-10-16,6452.57166667
2018-10-15,6299.39916667
2018-10-14,6260.64583333
2018-10-13,6260.53083333
2018-10-12,6248.63583333
2018-10-11,6563.00916667
2018-10-10,6621.71166667
2018-10-09,6618.56769231
2018-10-08,6558.5375
2018-10-07,6581.48666667
2018-10-06,6568.54916667
2018-10-05,6563.62833333
2018-10-04,6470.4025
2018-10-03,6562.64166667
2018-10-02,6590.96833333
2018-10-01,6593.135
2018-09-30,6550.47416667
2018-09-29,6677.3425
2018-09-28,6535.47666667
2018-09-27,6468.63166667
2018-09-26,6412.45916667
2018-09-25,6639.30416667
2018-09-24,6710.445
2018-09-23,6709.3125
2018-09-22,6669.99083333
2018-09-21,6418.56266667
2018-09-20,6335.82666667
2018-09-19,6296.63166667
2018-09-18,6400.60083333
2018-09-17,6480.64416667
2018-09-16,6518.655
2018-09-15,6499.0625
2018-09-14,6450.17923077
2018-09-13,6273.1375
2018-09-12,6296.32083333
2018-09-11,6297.87769231
2018-09-10,6286.42583333
2018-09-09,6366.1075
2018-09-08,6444.80416667
2018-09-07,6433.27166667
2018-09-06,7113.06923077
2018-09-05,7326.8525
2018-09-04,7260.94923077
2018-09-03,7247.93538462
2018-09-02,7100.94666667
2018-09-01,6981.94615385
2018-08-31,6932.6625
2018-08-30,7054.27642857
2018-08-29,7000.04
2018-08-28,6719.26615385
2018-08-27,6673.27416667
2018-08-26,6719.42923077
2018-08-25,6543.64571429
2018-08-24,6434.88166667
2018-08-23,6575.22916667
2018-08-22,6401.24615385
2018-08-21,6434.55916667
2018-08-20,6404.06333333
2018-08-19,6436.72083333
2018-08-18,6476.9
2018-08-17,6342.62923077
2018-08-16,6362.67692308
2018-08-15,6050.9425
2018-08-14,6347.07
2018-08-13,6311.13166667
2018-08-12,6195.65333333
2018-08-11,6396.49466667
2018-08-10,6396.7725
2018-08-09,6450.36692308
2018-08-08,6993.51333333
2018-08-07,6988.07916667
2018-08-06,6998.71833333
2018-08-05,7247.76916667
2018-08-04,7394.49916667
2018-08-03,7593.14916667
2018-08-02,7570.86916667
2018-08-01,7916.80083333
2018-07-31,8143.14833333
2018-07-30,8206.34166667
2018-07-29,8182.25166667
2018-07-28,8025.2575
2018-07-27,8187.32416667
2018-07-26,8251.165
2018-07-25,8112.93
2018-07-24,7689.88416667
2018-07-23,7451.28916667
2018-07-22,7352.49538462
2018-07-21,7428.045
2018-07-20,7396.40166667
2018-07-19,7398.66166667
2018-07-18,6869.91083333
2018-07-17,6514.39083333
2018-07-16,6316.88166667
2018-07-15,6241.0
2018-07-14,6244.3575
2018-07-13,6233.595
2018-07-12,6377.36333333
2018-07-11,6510.79166667
2018-07-10,6723.8725
2018-07-09,6753.55916667
2018-07-08,6594.28166667
2018-07-07,6569.49615385
2018-07-06,6603.37666667
2018-07-05,6593.28916667
2018-07-04,6613.68583333
2018-07-03,6466.06916667
2018-07-02,6374.75416667
2018-07-01,6381.39083333
2018-06-30,5908.7025
2018-06-29,6107.89615385
2018-06-28,6105.295
2018-06-27,6218.595
2018-06-26,6211.4475
2018-06-25,6037.00833333
2018-06-24,6141.60583333
2018-06-23,6332.57333333
2018-06-22,6733.90166667
2018-06-21,6714.71833333
2018-06-20,6737.0
2018-06-19,6713.488
2018-06-18,6464.41166667
2018-06-17,6509.42666667
2018-06-16,6434.088
2018-06-15,6647.01333333
2018-06-14,6315.7
2018-06-13,6535.08166667
2018-06-12,6875.67833333
2018-06-11,6776.88833333
2018-06-10,7564.40833333
2018-06-09,7620.15333333
2018-06-08,7676.27166667
2018-06-07,7655.61333333
2018-06-06,7615.7221421
2018-06-05,7500.27333333
2018-06-04,7699.886
2018-06-03,7645.14666667
2018-06-02,7535.14666667
2018-06-01,7491.434
2018-05-31,7385.395
2018-05-30,7459.87666667
2018-05-29,7130.54166667
2018-05-28,7361.83166667
2018-05-27,7342.90833333
2018-05-26,7445.23833333
2018-05-25,7566.19333333
2018-05-24,7555.74
2018-05-23,8015.58
2018-05-22,8385.55618693
2018-05-21,8507.40666667
2018-05-20,8223.28833333
2018-05-19,8240.055
2018-05-18,8106.11833333
2018-05-17,8340.70333333
2018-05-16,8511.458
2018-05-15,8652.03833333
2018-05-14,8727.65166667
2018-05-13,8484.34666667
2018-05-12,8468.788
2018-05-11,9101.48333333
2018-05-10,9322.04166667
2018-05-09,9228.60833333
2018-05-08,9345.69
2018-05-07,9630.13627668
2018-05-06,9803.30666667
2018-05-05,9710.73
2018-05-04,9639.26833333
2018-05-03,9221.426
2018-05-02,9075.13666667
2018-05-01,9259.57
2018-04-30,9334.28166667
2018-04-29,9326.17333333
2018-04-28,9010.32
2018-04-27,9258.39833333
2018-04-26,8995.50666667
2018-04-25,9555.542
2018-04-24,8933.86166667
2018-04-23,8838.54833333
2018-04-22,8807.205
2018-04-21,8852.71833333
2018-04-20,8254.625
2018-04-19,8164.93742577
2018-04-18,7895.41692596
2018-04-17,8043.80333333
2018-04-16,8340.74833333
2018-04-15,8036.51105141
2018-04-14,7895.40833333
2018-04-13,7847.845
2018-04-12,6926.26666667
2018-04-11,6787.57166667
2018-04-10,6699.27333333
2018-04-09,7017.65666667
2018-04-08,6927.688
2018-04-07,6603.87666667
2018-04-06,6826.51
2018-04-05,6787.76166667
2018-04-04,7410.435
2018-04-03,7035.84833333
2018-04-02,6794.105
2018-04-01,6935.48
2018-03-31,6882.53166667
2018-03-30,7172.28
2018-03-29,7960.38
2018-03-28,7876.195
2018-03-27,8197.54833333
2018-03-26,8617.29666667
2018-03-25,8662.37833333
2018-03-24,8686.82666667
2018-03-23,8690.40833333
2018-03-22,8947.75333333
2018-03-21,8986.94833333
2018-03-20,8412.03333333
2018-03-19,8171.415
2018-03-18,7993.67464364
2018-03-17,8530.402
2018-03-16,8358.12166667
2018-03-15,8151.53166667
2018-03-14,9154.7
2018-03-13,9182.84333333
2018-03-12,9761.39666667
2018-03-11,8746.002
2018-03-10,9089.27833333
2018-03-09,9429.11166667
2018-03-08,10118.058
2018-03-07,10763.1983333
2018-03-06,11595.54
2018-03-05,11430.1816667
2018-03-04,11326.9483333
2018-03-03,11055.815
2018-03-02,11009.3816667
2018-03-01,10370.165
2018-02-28,10763.8833333
2018-02-27,10348.6033333
2018-02-26,9696.59333333
2018-02-25,9697.956
2018-02-24,10162.1166667
2018-02-23,9931.07166667
2018-02-22,10532.7916667
2018-02-21,11390.3916667
2018-02-20,11110.965
2018-02-19,10503.2983333
2018-02-18,10841.9916667
2018-02-17,10127.1616667
2018-02-16,9977.154
2018-02-15,9334.63333333
2018-02-14,8597.7675
2018-02-13,8811.34333333
2018-02-12,8343.455
2018-02-11,8319.87656618
2018-02-10,8535.51666667
2018-02-09,8240.53666667
2018-02-08,8099.95833333
2018-02-07,7685.63333333
2018-02-06,6838.81666667
2018-02-05,8400.64833333
2018-02-04,9076.67833333
2018-02-03,8901.90166667
2018-02-02,9083.25833333
2018-02-01,10125.0133333
2018-01-31,10184.0616667
2018-01-30,11212.655
2018-01-29,11765.71
2018-01-28,11524.7766667
2018-01-27,10969.815
2018-01-26,11214.44
2018-01-25,11282.2583333
2018-01-24,11223.064
2018-01-23,10544.5933333
2018-01-22,11505.228
2018-01-21,12950.7933333
2018-01-20,11422.44
2018-01-19,11345.4233333
2018-01-18,11116.9466667
2018-01-17,11180.9983333
2018-01-16,14012.196
2018-01-15,13852.92
2018-01-14,14499.7733333
2018-01-13,13912.882
2018-01-12,13296.794
2018-01-11,15126.3983333
2018-01-10,14714.2533333
2018-01-09,15265.9066667
2018-01-08,16651.4716667
2018-01-07,17319.198
2018-01-06,17174.12
2018-01-05,15199.355
2018-01-04,15053.2616667
2018-01-03,15005.8566667
2018-01-02,13812.1866667
2018-01-01,14165.575
2017-12-31,13215.574
2017-12-30,14640.14
2017-12-29,14380.5816667
2017-12-28,15589.3216667
2017-12-27,15999.0483333
2017-12-26,14119.0283333
2017-12-25,13949.175
2017-12-24,15360.2616667
2017-12-23,15190.945
2017-12-22,16047.51
2017-12-21,16026.2716667
2017-12-20,17737.1116667
2017-12-19,18961.8566667
2017-12-18,19289.785
2017-12-17,19498.6833333
2017-12-16,17771.9
2017-12-15,16678.892
2017-12-14,16808.3666667
2017-12-13,17276.3933333
2017-12-12,16762.1166667
2017-12-11,14869.805
2017-12-10,15142.8341521
2017-12-09,16007.4366667
2017-12-08,16501.9716667
2017-12-07,13540.98
2017-12-06,11878.4333333
2017-12-05,11584.83
2017-12-04,11332.622
2017-12-03,11071.3683333
2017-12-02,10883.912
2017-12-01,10147.372
2017-11-30,9879.32833333
2017-11-29,9952.50882
2017-11-28,9718.29505
2017-11-27,9284.1438
2017-11-26,8707.40726667
2017-11-25,8250.97833333
2017-11-24,8148.95
2017-11-23,8268.035
2017-11-22,8059.8
2017-11-21,8255.59681667
2017-11-20,8007.65406667
2017-11-19,7817.14038333
2017-11-18,7786.88436667
2017-11-17,7815.0307
2017-11-16,7301.42992
2017-11-15,6635.41263333
2017-11-14,6550.22753333
2017-11-13,5716.30158333
2017-11-12,6362.85103333
2017-11-11,6719.39785
2017-11-10,7158.03706
2017-11-09,7415.87825
2017-11-08,7092.12723333
2017-11-07,6989.07166667
2017-11-06,7377.01236667
2017-11-05,7437.54331667
2017-11-04,7197.72006
2017-11-03,7068.0201
2017-11-02,6665.30668333
2017-11-01,6388.64516667
2017-10-31,6105.87422
2017-10-30,6155.43402
2017-10-29,5776.69695
2017-10-28,5772.50498333
2017-10-27,5893.13841667
2017-10-26,5669.62253333
2017-10-25,5505.82776667
2017-10-24,5876.07986667
2017-10-23,5983.18455
2017-10-22,6020.37168333
2017-10-21,5979.45984
2017-10-20,5727.6335
2017-10-19,5546.1761
2017-10-18,5603.71294
2017-10-17,5711.20586667
2017-10-16,5647.31166667
2017-10-15,5739.43873333
2017-10-14,5563.80656667
2017-10-13,5325.13068333
2017-10-12,4819.48576667
2017-10-11,4782.28
2017-10-10,4777.96781667
2017-10-09,4602.28088333
2017-10-08,4376.19166667
2017-10-07,4345.60333333
2017-10-06,4338.852
2017-10-05,4225.175
2017-10-04,4293.3066
2017-10-03,4386.88375
2017-10-02,4360.72296667
2017-10-01,4335.36831667
2017-09-30,4193.57466667
2017-09-29,4201.98905
2017-09-28,4202.55498333
2017-09-27,3910.30738333
2017-09-26,3942.555
2017-09-25,3703.04065
2017-09-24,3776.3869
2017-09-23,3637.50255
2017-09-22,3658.89818333
2017-09-21,3977.56166667
2017-09-20,3943.41333333
2017-09-19,4093.31666667
2017-09-18,3746.06078333
2017-09-17,3763.62604
2017-09-16,3774.26528333
2017-09-15,3319.63
2017-09-14,3961.27126667
2017-09-13,4219.03661667
2017-09-12,4248.09001667
2017-09-11,4329.955
2017-09-10,4375.55952
2017-09-09,4310.75018333
2017-09-08,4654.6585
2017-09-07,4641.82201667
2017-09-06,4488.72014
2017-09-05,4344.09831667
2017-09-04,4648.15998333
2017-09-03,4580.38748
2017-09-02,4911.74001667
2017-09-01,4748.255
2017-08-31,4594.98785
2017-08-30,4607.98545
2017-08-29,4391.67351667
2017-08-28,4354.30833333
2017-08-27,4360.51331667
2017-08-26,4363.05445
2017-08-25,4340.31671667
2017-08-24,4174.95
2017-08-23,4082.18098333
2017-08-22,4043.722
2017-08-21,4157.95803333
2017-08-20,4222.66221429
2017-08-19,4130.44006667
2017-08-18,4328.72571667
2017-08-17,4360.87687143
2017-08-16,4217.02832857
2017-08-15,4282.992
2017-08-14,4125.54802
2017-08-13,3852.80291429
2017-08-12,3632.50666667
2017-08-11,3424.4042
2017-08-10,3357.32631667
2017-08-09,3457.37433333
2017-08-08,3407.22683333
2017-08-07,3252.56253333
2017-08-06,3218.11501667
2017-08-05,2873.85108333
2017-08-04,2794.11771667
2017-08-03,2693.63398333
2017-08-02,2710.41306667
2017-08-01,2866.43166667
2017-07-31,2745.95541667
2017-07-30,2722.51278571
2017-07-29,2781.63658333
2017-07-28,2647.625
2017-07-27,2495.02858571
2017-07-26,2560.99791667
2017-07-25,2751.82102857
2017-07-24,2725.54971667
2017-07-23,2807.60985714
2017-07-22,2682.1953625
2017-07-21,2898.18841667
2017-07-20,2264.7657
2017-07-19,2320.12225
2017-07-18,2176.6234875
2017-07-17,1931.2143
2017-07-16,2058.9956
2017-07-15,2190.94783333
2017-07-14,2354.78341667
2017-07-13,2385.74857143
2017-07-12,2369.86212857
2017-07-11,2366.17014286
2017-07-10,2536.2389375
2017-07-09,2562.1306625
2017-07-08,2491.20121429
2017-07-07,2609.96775
2017-07-06,2619.187503
2017-07-05,2599.7298375
2017-07-04,2561.22542857
2017-07-03,2561.22542857
2017-07-02,2501.19134286
2017-07-01,2477.641375
2017-06-30,2544.414475
2017-06-29,2585.34918571
2017-06-28,2517.90311429
2017-06-27,2436.45105714
2017-06-26,2512.36628571
2017-06-25,2589.1648875
2017-06-24,2710.41228571
2017-06-23,2727.2880125
2017-06-22,2671.04325
2017-06-21,2754.97825
2017-06-20,2617.2102625
2017-06-19,2507.38925214
2017-06-18,2665.927
2017-06-17,2464.95981429
2017-06-16,2442.48025
2017-06-15,2447.0415625
2017-06-14,2748.18508571
2017-06-13,2657.6750625
2017-06-12,2961.8296125
2017-06-11,2845.37285714
2017-06-10,2827.4913
2017-06-09,2792.9991875
2017-06-08,2664.9208625
2017-06-07,2883.31369664
2017-06-06,2698.3138125
2017-06-05,2516.17314286
2017-06-04,2525.76515847
2017-06-03,2446.14241429
2017-06-02,2399.24267143
2017-06-01,2285.93391429
2017-05-31,2239.20534286
2017-05-30,2275.9307
2017-05-29,2192.9808
2017-05-28,2014.0529625
2017-05-27,2211.97685714
2017-05-26,2387.20628571
2017-05-25,2379.19383333
2017-05-24,2287.7102875
2017-05-23,2090.6623125
2017-05-22,2046.5344625
2017-05-21,2052.9097875
2017-05-20,1961.5204875
2017-05-19,1899.0828875
2017-05-18,1807.4850625
2017-05-17,1739.031975
2017-05-16,1723.1269375
2017-05-15,1776.3165
2017-05-14,1771.9200125
2017-05-13,1720.4785
2017-05-12,1820.9905625
2017-05-11,1762.88625
2017-05-10,1721.28497143
2017-05-09,1640.619225
2017-05-08,1535.86842857
2017-05-07,1560.4102
2017-05-06,1533.33507143
2017-05-05,1508.292125
2017-05-04,1507.57685714
2017-05-03,1452.0762875
2017-05-02,1417.1728125
2017-05-01,1353.0045
2017-04-30,1334.9790375
2017-04-29,1331.29442857
2017-04-28,1345.3539125
2017-04-27,1309.109875
2017-04-26,1279.4146875
2017-04-25,1262.902775
2017-04-24,1257.9881125
2017-04-23,1261.311225
2017-04-22,1258.3614125
2017-04-21,1241.686325
2017-04-20,1217.9300875
2017-04-19,1216.18674286
2017-04-18,1205.634875
2017-04-17,1186.9274125
2017-04-16,1184.88067143
2017-04-15,1185.26005714
2017-04-14,1180.0237125
2017-04-13,1218.92205
2017-04-12,1226.6170375
2017-04-11,1207.744875
2017-04-10,1208.8005
2017-04-09,1181.1498375
2017-04-08,1190.45425
2017-04-07,1196.3079375
2017-04-06,1133.07931429
2017-04-05,1141.6003625
2017-04-04,1141.813
2017-04-03,1099.169125
2017-04-02,1086.92957143
2017-04-01,1079.54931429
2017-03-31,1037.90455
2017-03-30,1040.5755
2017-03-29,1046.127625
2017-03-28,1037.22925
2017-03-27,956.7863125
2017-03-26,959.340085714
2017-03-25,941.919714286
2017-03-24,1038.789
2017-03-23,1028.7268625
2017-03-22,1118.63004286
2017-03-21,1049.0844875
2017-03-20,1029.8008125
2017-03-19,952.2323625
2017-03-18,1091.1718875
2017-03-17,1180.94565714
2017-03-16,1257.399625
2017-03-15,1245.37078571
2017-03-14,1239.816225
2017-03-13,1227.494625
2017-03-12,1179.159875
2017-03-11,1098.61712857
2017-03-10,1192.46914286
2017-03-09,1157.3933
2017-03-08,1238.447
2017-03-07,1275.197375
2017-03-06,1270.9333
2017-03-05,1267.0272
2017-03-04,1285.14
2017-03-03,1259.41081667
2017-03-02,1222.4994
2017-03-01,1187.56528571
2017-02-28,1190.75195
2017-02-27,1175.04975
2017-02-26,1150.60571429
2017-02-25,1174.86625
2017-02-24,1172.01715
2017-02-23,1123.2231875
2017-02-22,1123.78842857
2017-02-21,1084.7550125
2017-02-20,1052.77928571
2017-02-19,1056.6371375
2017-02-18,1055.53685
2017-02-17,1035.208125
2017-02-16,1012.3259875
2017-02-15,1011.78025
2017-02-14,999.877375
2017-02-13,1000.604625
2017-02-12,1008.8466625
2017-02-11,999.1035
2017-02-10,976.103
2017-02-09,1052.3766125
2017-02-08,1050.11
2017-02-07,1024.01375
2017-02-06,1014.837725
2017-02-05,1030.9994125
2017-02-04,1013.027
2017-02-03,1007.6137125
2017-02-02,979.703875
2017-02-01,964.706075
2017-01-31,921.179325
2017-01-30,915.933
2017-01-29,920.31225
2017-01-28,919.27975
2017-01-27,915.95625
2017-01-26,893.045625
2017-01-25,890.320225
2017-01-24,922.0736125
2017-01-23,918.603625
2017-01-22,920.4479
2017-01-21,893.6210875
2017-01-20,895.798875
2017-01-19,874.99
2017-01-18,903.84
2017-01-17,830.5
2017-01-16,822.2
2017-01-15,817.91
2017-01-14,826.29
2017-01-13,803.37
2017-01-12,785.22
2017-01-11,906.05
2017-01-10,894.18
2017-01-09,908.14
2017-01-08,896.83
2017-01-07,883.09
2017-01-06,994.67
2017-01-05,1126.76
2017-01-04,1023.14
2017-01-03,1015.97
2017-01-02,997.72
2017-01-01,959.87
2016-12-31,952.15
2016-12-30,963.38
2016-12-29,967.48
2016-12-28,930.37
2016-12-27,897.33
2016-12-26,886.9
2016-12-25,891.61
2016-12-24,901.31
2016-12-23,860.59
2016-12-22,824.21
2016-12-21,793.09
2016-12-20,789.52
2016-12-19,788.4
2016-12-18,788.7
2016-12-17,781.56
2016-12-16,776.75
2016-12-15,774.89
2016-12-14,778.49
2016-12-13,777.0
2016-12-12,777.0
2016-12-11,773.4
2016-12-10,770.02
2016-12-09,769.72
2016-12-08,766.11
2016-12-07,756.62
2016-12-06,754.63
2016-12-05,764.81
2016-12-04,764.33
2016-12-03,772.43
2016-12-02,752.24
2016-12-01,742.69
2016-11-30,732.71
2016-11-29,733.05
2016-11-28,727.96
2016-11-27,733.67
2016-11-26,739.78
2016-11-25,737.45
2016-11-24,741.63
2016-11-23,748.74
2016-11-22,738.53
2016-11-21,729.06
2016-11-20,750.03
2016-11-19,747.52
2016-11-18,736.96
2016-11-17,736.91
2016-11-16,710.91
2016-11-15,706.46
2016-11-14,701.9
2016-11-13,703.71
2016-11-12,715.45
2016-11-11,713.69
2016-11-10,720.93
2016-11-09,708.97
2016-11-08,703.81
2016-11-07,712.0
2016-11-06,704.79
2016-11-05,703.69
2016-11-04,686.17
2016-11-03,733.33
2016-11-02,728.2
2016-11-01,702.0
2016-10-31,698.0
2016-10-30,714.89
2016-10-29,687.68
2016-10-28,682.22
2016-10-27,672.22
2016-10-26,655.31
2016-10-25,651.39
2016-10-24,653.0
2016-10-23,655.48
2016-10-22,631.92
2016-10-21,630.22
2016-10-20,629.25
2016-10-19,636.29
2016-10-18,638.18
2016-10-17,641.42
2016-10-16,637.94
2016-10-15,639.56
2016-10-14,635.96
2016-10-13,635.01
2016-10-12,639.3
2016-10-11,617.54
2016-10-10,615.65
2016-10-09,618.04
2016-10-08,617.21
2016-10-07,612.08
2016-10-06,612.35
2016-10-05,609.62
2016-10-04,611.85
2016-10-03,610.51
2016-10-02,614.82
2016-10-01,609.39
2016-09-30,606.36
2016-09-29,605.67
2016-09-28,605.96
2016-09-27,608.14
2016-09-26,601.74
2016-09-25,603.88
2016-09-24,604.22
2016-09-23,597.42
2016-09-22,598.88
2016-09-21,609.74
2016-09-20,610.19
2016-09-19,611.58
2016-09-18,608.0
2016-09-17,609.11
2016-09-16,610.38
2016-09-15,612.08
2016-09-14,610.92
2016-09-13,609.67
2016-09-12,608.15
2016-09-11,625.76
2016-09-10,625.07
2016-09-09,627.77
2016-09-08,614.46
2016-09-07,611.09
2016-09-06,608.1
2016-09-05,610.59
2016-09-04,600.88
2016-09-03,576.21
2016-09-02,572.81
2016-09-01,574.82
2016-08-31,578.61
2016-08-30,575.22
2016-08-29,576.53
2016-08-28,571.54
2016-08-27,581.07
2016-08-26,579.86
2016-08-25,582.84
2016-08-24,586.18
2016-08-23,588.97
2016-08-22,582.82
2016-08-21,583.2
2016-08-20,576.65
2016-08-19,576.03
2016-08-18,575.51
2016-08-17,581.11
2016-08-16,570.14
2016-08-15,570.97
2016-08-14,586.43
2016-08-13,587.75
2016-08-12,589.24
2016-08-11,592.18
2016-08-10,588.77
2016-08-09,592.69
2016-08-08,594.27
2016-08-07,588.23
2016-08-06,576.55
2016-08-05,577.31
2016-08-04,565.05
2016-08-03,515.06
2016-08-02,606.32
2016-08-01,628.01
2016-07-31,654.73
2016-07-30,656.88
2016-07-29,655.32
2016-07-28,654.98
2016-07-27,655.06
2016-07-26,654.69
2016-07-25,661.41
2016-07-24,655.84
2016-07-23,651.58
2016-07-22,664.88
2016-07-21,665.64
2016-07-20,672.84
2016-07-19,673.2
2016-07-18,675.45
2016-07-17,662.15
2016-07-16,664.57
2016-07-15,658.83
2016-07-14,657.45
2016-07-13,672.76
2016-07-12,647.98
2016-07-11,648.09
2016-07-10,651.86
2016-07-09,659.55
2016-07-08,636.35
2016-07-07,673.78
2016-07-06,666.48
2016-07-05,676.32
2016-07-04,658.41
2016-07-03,701.71
2016-07-02,675.18
2016-07-01,671.4
2016-06-30,637.95
2016-06-29,646.37
2016-06-28,646.7
2016-06-27,627.39
2016-06-26,664.9
2016-06-25,660.6
2016-06-24,624.54
2016-06-23,587.45
2016-06-22,665.95
2016-06-21,729.19
2016-06-20,760.81
2016-06-19,754.36
2016-06-18,743.91
2016-06-17,762.43
2016-06-16,692.28
2016-06-15,685.24
2016-06-14,702.0665
2016-06-13,664.8465
2016-06-12,594.4399875
2016-06-11,577.549875
2016-06-10,575.2941375
2016-06-09,578.68
2016-06-08,577.54
2016-06-07,584.5
2016-06-06,574.02
2016-06-05,573.74
2016-06-04,568.0
2016-06-03,539.99
2016-06-02,539.47
2016-06-01,531.15
2016-05-31,525.15
2016-05-30,512.16
2016-05-29,522.43
2016-05-28,470.29
2016-05-27,452.49
2016-05-26,447.94
2016-05-25,445.34
2016-05-24,442.17
2016-05-23,438.0
2016-05-22,443.89
2016-05-21,441.25
2016-05-20,441.87
2016-05-19,452.9
2016-05-18,452.89
2016-05-17,454.88
2016-05-16,457.08
2016-05-15,455.65
2016-05-14,456.82
2016-05-13,454.7
2016-05-12,452.51
2016-05-11,450.0
2016-05-10,461.63
2016-05-09,457.82
2016-05-08,459.04
2016-05-07,460.91
2016-05-06,448.51
2016-05-05,447.37
2016-05-04,450.96
2016-05-03,443.9
2016-05-02,451.9
2016-05-01,447.17
2016-04-30,456.16
2016-04-29,450.0
2016-04-28,447.31
2016-04-27,467.98
2016-04-26,463.86
2016-04-25,459.4
2016-04-24,451.29
2016-04-23,447.25
2016-04-22,451.0
2016-04-21,442.34
2016-04-20,435.91
2016-04-19,427.28
2016-04-18,425.71
2016-04-17,429.43
2016-04-16,429.09
2016-04-15,423.76
2016-04-14,424.61
2016-04-13,425.89
2016-04-12,420.69
2016-04-11,421.63
2016-04-10,417.73
2016-04-09,422.2
2016-04-08,420.33
2016-04-07,421.09
2016-04-06,421.77
2016-04-05,418.99
2016-04-04,418.07
2016-04-03,418.07
2016-04-02,416.25
2016-04-01,416.94
2016-03-31,412.35
2016-03-30,414.0
2016-03-29,422.96
2016-03-28,426.8
2016-03-27,415.71
2016-03-26,416.44
2016-03-25,416.47
2016-03-24,417.8
2016-03-23,415.35
2016-03-22,410.49
2016-03-21,410.77
2016-03-20,405.59
2016-03-19,408.87
2016-03-18,418.64
2016-03-17,415.99
2016-03-16,414.78
2016-03-15,414.78
2016-03-14,413.89
2016-03-13,412.44
2016-03-12,421.22
2016-03-11,416.0
2016-03-10,413.1
2016-03-09,412.39
2016-03-08,411.94
2016-03-07,408.86
2016-03-06,401.0
2016-03-05,416.48
2016-03-04,421.44
2016-03-03,429.99
2016-03-02,431.87
2016-03-01,436.18
2016-02-29,433.47
2016-02-28,432.0
2016-02-27,424.34
2016-02-26,421.4
2016-02-25,423.1
2016-02-24,417.0
2016-02-23,438.5
2016-02-22,434.67
2016-02-21,439.48
2016-02-20,418.02
2016-02-19,418.97
2016-02-18,418.04
2016-02-17,406.69
2016-02-16,402.64
2016-02-15,402.38
2016-02-14,388.6
2016-02-13,381.46
2016-02-12,376.75
2016-02-11,378.98
2016-02-10,372.61
2016-02-09,375.8
2016-02-08,373.74
2016-02-07,373.04
2016-02-06,386.49
2016-02-05,385.06
2016-02-04,368.38
2016-02-03,373.48
2016-02-02,372.0
2016-02-01,376.86
2016-01-31,378.24
2016-01-30,377.26
2016-01-29,382.44
2016-01-28,394.45
2016-01-27,394.12
2016-01-26,387.09
2016-01-25,404.75
2016-01-24,388.5
2016-01-23,385.7
2016-01-22,408.0
2016-01-21,408.33
2016-01-20,378.66
2016-01-19,385.28
2016-01-18,385.45
2016-01-17,370.4
2016-01-16,391.62
2016-01-15,431.9
2016-01-14,429.57
2016-01-13,446.66
2016-01-12,447.11
2016-01-11,446.24
2016-01-10,450.15
2016-01-09,447.04
2016-01-08,453.71
2016-01-07,430.75
2016-01-06,431.9
2016-01-05,433.0
2016-01-04,428.13
2016-01-03,433.94
2016-01-02,432.33
2016-01-01,429.34
2015-12-31,428.0
2015-12-30,431.13
2015-12-29,423.98
2015-12-28,418.46
2015-12-27,417.99
2015-12-26,454.98
2015-12-25,453.95
2015-12-24,441.4
2015-12-23,435.98
2015-12-22,438.7
2015-12-21,434.98
2015-12-20,461.16
2015-12-19,458.95
2015-12-18,453.39
2015-12-17,454.43
2015-12-16,459.48
2015-12-15,445.6
2015-12-14,438.79
2015-12-13,426.06
2015-12-12,444.29
2015-12-11,415.64
2015-12-10,414.01
2015-12-09,394.99
2015-12-08,395.58
2015-12-07,390.04
2015-12-06,390.04
2015-12-05,377.72
2015-12-04,362.49
2015-12-03,360.98
2015-12-02,359.32
2015-12-01,372.53
2015-11-30,363.98
2015-11-29,353.88
2015-11-28,359.54
2015-11-27,348.0
2015-11-26,325.0
2015-11-25,321.1
2015-11-24,324.49
2015-11-23,322.33
2015-11-22,325.56
2015-11-21,320.62
2015-11-20,329.0
2015-11-19,334.46
2015-11-18,335.95
2015-11-17,329.32
2015-11-16,322.33
2015-11-15,331.9
2015-11-14,332.2
2015-11-13,331.6
2015-11-12,309.9
2015-11-11,353.58
2015-11-10,378.8
2015-11-09,381.51
2015-11-08,387.38
2015-11-07,388.38
2015-11-06,400.0
2015-11-05,437.05
2015-11-04,409.0
2015-11-03,340.69
2015-11-02,311.5
2015-11-01,310.92
2015-10-31,329.2
2015-10-30,310.36
2015-10-29,298.95
2015-10-28,294.73
2015-10-27,284.95
2015-10-26,295.01
2015-10-25,279.9
2015-10-24,277.43
2015-10-23,273.95
2015-10-22,269.1
2015-10-21,269.8
2015-10-20,264.16
2015-10-19,262.44
2015-10-18,262.44
2015-10-17,269.07
2015-10-16,262.31
2015-10-15,254.73
2015-10-14,254.6
2015-10-13,249.58
2015-10-12,246.63
2015-10-11,248.08
2015-10-10,245.79
2015-10-09,244.78
2015-10-08,243.91
2015-10-07,245.25
2015-10-06,246.67
2015-10-05,239.22
2015-10-04,239.47
2015-10-03,239.17
2015-10-02,237.78
2015-10-01,238.98
2015-09-30,237.91
2015-09-29,237.68
2015-09-28,238.94
2015-09-27,232.85
2015-09-26,235.79
2015-09-25,233.9
2015-09-24,229.95
2015-09-23,229.43
2015-09-22,226.56
2015-09-21,230.2
2015-09-20,230.71
2015-09-19,232.99
2015-09-18,234.0
2015-09-17,227.86
2015-09-16,230.0
2015-09-15,230.88
2015-09-14,229.86
2015-09-13,235.13
2015-09-12,239.93
2015-09-11,239.68
2015-09-10,240.08
2015-09-09,243.08
2015-09-08,241.31
2015-09-07,240.2
2015-09-06,234.67
2015-09-05,230.8
2015-09-04,227.42
2015-09-03,230.68
2015-09-02,228.32
2015-09-01,230.94
2015-08-31,226.47
2015-08-30,228.22
2015-08-29,234.17
2015-08-28,228.27
2015-08-27,228.84
2015-08-26,222.02
2015-08-25,213.24
2015-08-24,228.68
2015-08-23,226.04
2015-08-22,233.59
2015-08-21,233.23
2015-08-20,233.29
2015-08-19,253.91
2015-08-18,257.45
2015-08-17,257.47
2015-08-16,257.47
2015-08-15,265.41
2015-08-14,266.99
2015-08-13,265.97
2015-08-12,267.89
2015-08-11,265.85
2015-08-10,264.07
2015-08-09,265.42
2015-08-08,269.89
2015-08-07,279.39
2015-08-06,277.1
2015-08-05,282.69
2015-08-04,285.0
2015-08-03,284.39
2015-08-02,280.69
2015-08-01,280.72
2015-07-31,284.78
2015-07-30,287.56
2015-07-29,290.7
2015-07-28,295.24
2015-07-27,290.79
2015-07-26,292.33
2015-07-25,287.12
2015-07-24,287.3
2015-07-23,276.64
2015-07-22,277.54
2015-07-21,278.97
2015-07-20,278.26
2015-07-19,276.09
2015-07-18,278.08
2015-07-17,277.99
2015-07-16,275.76
2015-07-15,290.95
2015-07-14,292.87
2015-07-13,289.9
2015-07-12,309.3
2015-07-11,293.5
2015-07-10,286.98
2015-07-09,270.68
2015-07-08,269.68
2015-07-07,267.26
2015-07-06,273.37
2015-07-05,270.92
2015-07-04,257.92
2015-07-03,255.1
2015-07-02,255.06
2015-07-01,257.85
2015-06-30,262.53
2015-06-29,253.8
2015-06-28,248.76
2015-06-27,248.5
2015-06-26,241.19
2015-06-25,241.92
2015-06-24,240.64
2015-06-23,243.92
2015-06-22,246.35
2015-06-21,242.47
2015-06-20,244.08
2015-06-19,246.45
2015-06-18,248.25
2015-06-17,249.96
2015-06-16,245.35
2015-06-15,236.46
2015-06-14,232.05
2015-06-13,230.22
2015-06-12,229.98
2015-06-11,229.0
2015-06-10,228.01
2015-06-09,230.1
2015-06-08,228.0
2015-06-07,222.6
2015-06-06,224.49
2015-06-05,224.15
2015-06-04,225.54
2015-06-03,226.29
2015-06-02,224.83
2015-06-01,222.4
2015-05-31,231.95
2015-05-30,231.12
2015-05-29,235.87
2015-05-28,236.48
2015-05-27,235.0
2015-05-26,235.94
2015-05-25,235.65
2015-05-24,240.46
2015-05-23,238.77
2015-05-22,240.5
2015-05-21,236.0
2015-05-20,234.6
2015-05-19,232.04
2015-05-18,236.45
2015-05-17,235.78
2015-05-16,236.63
2015-05-15,237.6
2015-05-14,238.32
2015-05-13,242.72
2015-05-12,241.51
2015-05-11,244.19
2015-05-10,239.35
2015-05-09,241.08
2015-05-08,244.72
2015-05-07,233.99
2015-05-06,235.79
2015-05-05,234.66
2015-05-04,236.17
2015-05-03,240.51
2015-05-02,234.13
2015-05-01,233.43
2015-04-30,235.13
2015-04-29,225.69
2015-04-28,222.66
2015-04-27,222.59
2015-04-26,218.42
2015-04-25,228.6
2015-04-24,230.93
2015-04-23,235.48
2015-04-22,237.34
2015-04-21,224.88
2015-04-20,224.63
2015-04-19,225.72
2015-04-18,222.32
2015-04-17,222.67
2015-04-16,229.62
2015-04-15,218.96
2015-04-14,216.0
2015-04-13,225.99
2015-04-12,236.76
2015-04-11,236.7
2015-04-10,235.71
2015-04-09,244.98
2015-04-08,245.89
2015-04-07,255.48
2015-04-06,254.7
2015-04-05,257.03
2015-04-04,253.77
2015-04-03,254.39
2015-04-02,252.44
2015-04-01,242.7
2015-03-31,242.92
2015-03-30,245.18
2015-03-29,244.05
2015-03-28,251.52
2015-03-27,248.63
2015-03-26,251.98
2015-03-25,245.68
2015-03-24,247.83
2015-03-23,266.07
2015-03-22,260.5
2015-03-21,257.83
2015-03-20,259.8
2015-03-19,260.62
2015-03-18,265.85
2015-03-17,287.02
2015-03-16,290.88
2015-03-15,283.57
2015-03-14,284.21
2015-03-13,289.51
2015-03-12,297.39
2015-03-11,293.29
2015-03-10,294.06
2015-03-09,287.48
2015-03-08,273.87
2015-03-07,275.83
2015-03-06,272.12
2015-03-05,265.63
2015-03-04,281.65
2015-03-03,275.8
2015-03-02,263.81
2015-03-01,247.56
2015-02-28,252.98
2015-02-27,254.0
2015-02-26,237.5
2015-02-25,238.59
2015-02-24,240.1
2015-02-23,237.09
2015-02-22,236.0
2015-02-21,245.66
2015-02-20,243.56
2015-02-19,241.59
2015-02-18,234.87
2015-02-17,244.0
2015-02-16,235.86
2015-02-15,243.99
2015-02-14,245.31
2015-02-13,239.94
2015-02-12,221.83
2015-02-11,221.99
2015-02-10,220.16
2015-02-09,220.39
2015-02-08,223.5
2015-02-07,225.16
2015-02-06,220.47
2015-02-05,217.37
2015-02-04,222.56
2015-02-03,236.51
2015-02-02,223.0
2015-02-01,220.72
2015-01-31,229.7
2015-01-30,230.11
2015-01-29,233.19
2015-01-28,249.25
2015-01-27,266.03
2015-01-26,271.47
2015-01-25,247.11
2015-01-24,244.64
2015-01-23,233.03
2015-01-22,233.9
2015-01-21,215.2
2015-01-20,212.99
2015-01-19,212.39
2015-01-18,211.18
2015-01-17,197.12
2015-01-16,205.35
2015-01-15,218.11
2015-01-14,176.5
2015-01-13,230.89
2015-01-12,270.0
2015-01-11,272.25
2015-01-10,278.0
2015-01-09,276.8
2015-01-08,276.8
2015-01-07,276.8
2015-01-06,276.8
2015-01-05,276.8
2015-01-04,270.93
2015-01-03,302.33
2015-01-02,316.15
2015-01-01,315.7
2014-12-31,317.4
2014-12-30,313.09
2014-12-29,314.49
2014-12-28,317.5
2014-12-27,314.45
2014-12-26,328.09
2014-12-25,319.31
2014-12-24,327.59
2014-12-23,336.96
2014-12-22,332.53
2014-12-21,326.93
2014-12-20,325.7
2014-12-19,317.63
2014-12-18,317.7
2014-12-17,318.2
2014-12-16,336.73
2014-12-15,352.15
2014-12-14,353.28
2014-12-13,350.31
2014-12-12,355.08
2014-12-11,356.1
2014-12-10,350.97
2014-12-09,350.29
2014-12-08,367.01
2014-12-07,375.73
2014-12-06,374.05
2014-12-05,373.98
2014-12-04,371.67
2014-12-03,378.25
2014-12-02,381.93
2014-12-01,381.72
2014-11-30,375.96
2014-11-29,377.22
2014-11-28,376.12
2014-11-27,372.62
2014-11-26,371.44
2014-11-25,381.03
2014-11-24,384.0
2014-11-23,362.99
2014-11-22,359.8
2014-11-21,356.9
2014-11-20,361.7
2014-11-19,374.77
2014-11-18,379.91
2014-11-17,378.48
2014-11-16,383.65
2014-11-15,373.14
2014-11-14,396.56
2014-11-13,406.56
2014-11-12,430.07
2014-11-11,365.04
2014-11-10,375.87
2014-11-09,356.34
2014-11-08,345.84
2014-11-07,342.26
2014-11-06,347.96
2014-11-05,341.99
2014-11-04,328.72
2014-11-03,325.81
2014-11-02,326.41
2014-11-01,327.39
2014-10-31,340.95
2014-10-30,337.0
2014-10-29,343.53
2014-10-28,354.94
2014-10-27,356.5
2014-10-26,355.43
2014-10-25,348.89
2014-10-24,358.46
2014-10-23,363.99
2014-10-22,385.1
2014-10-21,387.0
2014-10-20,384.95
2014-10-19,388.99
2014-10-18,389.68
2014-10-17,382.83
2014-10-16,378.02
2014-10-15,394.0
2014-10-14,411.89
2014-10-13,381.46
2014-10-12,364.83
2014-10-11,359.99
2014-10-10,358.97
2014-10-09,378.94
2014-10-08,346.26
2014-10-07,330.7
2014-10-06,331.2
2014-10-05,293.67
2014-10-04,336.0
2014-10-03,363.75
2014-10-02,375.85
2014-10-01,385.27
2014-09-30,382.67
2014-09-29,381.94
2014-09-28,380.0
2014-09-27,400.74
2014-09-26,405.14
2014-09-25,408.08
2014-09-24,431.91
2014-09-23,423.0
2014-09-22,400.98
2014-09-21,406.3
2014-09-20,415.56
2014-09-19,398.89
2014-09-18,428.19
2014-09-17,448.0
2014-09-16,468.0
2014-09-15,475.3
2014-09-14,475.49
2014-09-13,479.86
2014-09-12,470.43
2014-09-11,469.0
2014-09-10,485.03
2014-09-09,466.48
2014-09-08,476.61
2014-09-07,480.62
2014-09-06,481.09
2014-09-05,485.91
2014-09-04,486.0
2014-09-03,472.76
2014-09-02,483.65
2014-09-01,482.59
2014-08-31,477.98
2014-08-30,503.88
2014-08-29,511.99
2014-08-28,509.39
2014-08-27,514.84
2014-08-26,512.79
2014-08-25,503.79
2014-08-24,510.75
2014-08-23,503.88
2014-08-22,518.25
2014-08-21,525.78
2014-08-20,507.3
2014-08-19,487.5
2014-08-18,468.19
2014-08-17,491.88
2014-08-16,509.0
2014-08-15,498.16
2014-08-14,521.66
2014-08-13,550.14
2014-08-12,569.54
2014-08-11,578.97
2014-08-10,588.99
2014-08-09,588.61
2014-08-08,589.3
2014-08-07,587.24
2014-08-06,581.6
2014-08-05,580.21
2014-08-04,593.94
2014-08-03,589.79
2014-08-02,591.59
2014-08-01,601.94
2014-07-31,586.0
2014-07-30,573.48
2014-07-29,581.5
2014-07-28,586.96
2014-07-27,592.51
2014-07-26,595.88
2014-07-25,602.59
2014-07-24,601.18
2014-07-23,622.01
2014-07-22,621.03
2014-07-21,619.14
2014-07-20,623.77
2014-07-19,630.92
2014-07-18,629.86
2014-07-17,626.0
2014-07-16,619.48
2014-07-15,623.17
2014-07-14,622.8
2014-07-13,630.9
2014-07-12,631.98
2014-07-11,630.31
2014-07-10,619.78
2014-07-09,624.84
2014-07-08,623.7
2014-07-07,621.98
2014-07-06,634.49
2014-07-05,632.78
2014-07-04,635.49
2014-07-03,644.04
2014-07-02,654.0
2014-07-01,654.45
2014-06-30,620.0
2014-06-29,596.0
2014-06-28,597.08
2014-06-27,588.97
2014-06-26,569.0
2014-06-25,567.0
2014-06-24,585.54
2014-06-23,591.5
2014-06-22,596.08
2014-06-21,590.99
2014-06-20,593.33
2014-06-19,604.32
2014-06-18,604.6
2014-06-17,597.65
2014-06-16,595.0
2014-06-15,560.49
2014-06-14,557.92
2014-06-13,582.0
2014-06-12,617.0
2014-06-11,639.99
2014-06-10,649.89
2014-06-09,650.93
2014-06-08,652.0
2014-06-07,654.3
2014-06-06,655.75
2014-06-05,658.72
2014-06-04,644.66
2014-06-03,673.9
2014-06-02,631.49
2014-06-01,674.98
2014-05-31,620.45
2014-05-30,609.03
2014-05-29,568.0
2014-05-28,574.33
2014-05-27,581.87
2014-05-26,584.0
2014-05-25,575.0
2014-05-24,521.52
2014-05-23,527.47
2014-05-22,523.84
2014-05-21,494.87
2014-05-20,485.01
2014-05-19,446.42
2014-05-18,447.14
2014-05-17,449.08
2014-05-16,449.51
2014-05-15,448.99
2014-05-14,447.49
2014-05-13,438.95
2014-05-12,441.5
2014-05-11,435.0
2014-05-10,452.42
2014-05-09,452.02
2014-05-08,441.5
2014-05-07,446.65
2014-05-06,430.33
2014-05-05,427.83
2014-05-04,436.21
2014-05-03,434.5
2014-05-02,447.51
2014-05-01,460.01
2014-04-30,449.0
2014-04-29,447.7
2014-04-28,447.0
2014-04-27,440.1
2014-04-26,463.88
2014-04-25,459.15
2014-04-24,491.6
2014-04-23,487.3
2014-04-22,493.33
2014-04-21,496.5
2014-04-20,500.19
2014-04-19,499.9
2014-04-18,479.98
2014-04-17,495.0
2014-04-16,511.5
2014-04-15,489.91
2014-04-14,453.14
2014-04-13,405.0
2014-04-12,424.98
2014-04-11,427.99
2014-04-10,401.0
2014-04-09,443.1
2014-04-08,454.07
2014-04-07,447.74
2014-04-06,459.67
2014-04-05,451.84
2014-04-04,446.01
2014-04-03,446.31
2014-04-02,445.0
2014-04-01,479.51
2014-03-31,457.0
2014-03-30,449.02
2014-03-29,499.94
2014-03-28,503.0
2014-03-27,520.2
2014-03-26,585.7
2014-03-25,580.02
2014-03-24,572.0
2014-03-23,567.13
2014-03-22,557.0
2014-03-21,579.99
2014-03-20,590.0
2014-03-19,608.41
2014-03-18,627.0
2014-03-17,624.7
2014-03-16,634.94
2014-03-15,636.29
2014-03-14,636.47
2014-03-13,642.61
2014-03-12,642.1
2014-03-11,622.9
2014-03-10,621.99
2014-03-09,637.99
2014-03-08,609.0
2014-03-07,621.3
2014-03-06,657.02
2014-03-05,664.85
2014-03-04,677.61
2014-03-03,666.5
2014-03-02,559.88
2014-03-01,571.5
2014-02-28,577.97
2014-02-27,585.17
2014-02-26,585.38
2014-02-25,528.0
2014-02-24,545.0
2014-02-23,626.77
2014-02-22,603.98
2014-02-21,566.16
2014-02-20,582.7
2014-02-19,623.93
2014-02-18,626.77
2014-02-17,642.0
2014-02-16,623.5
2014-02-15,651.42
2014-02-14,672.1
2014-02-13,633.99
2014-02-12,667.01
2014-02-11,670.0
2014-02-10,665.0
2014-02-09,710.0
2014-02-08,707.0
2014-02-07,742.78
2014-02-06,778.0
2014-02-05,800.0
2014-02-04,809.05
2014-02-03,813.8
2014-02-02,819.57
2014-02-01,815.99
2014-01-31,802.5
2014-01-30,799.37
2014-01-29,803.6
2014-01-28,800.2
2014-01-27,777.0
2014-01-26,826.77
2014-01-25,806.0
2014-01-24,789.1
2014-01-23,813.02
2014-01-22,813.05
2014-01-21,822.56
2014-01-20,831.72
2014-01-19,833.0
2014-01-18,801.53
2014-01-17,793.0
2014-01-16,830.9
2014-01-15,847.7
2014-01-14,820.75
2014-01-13,807.83
2014-01-12,851.0
2014-01-11,891.85
2014-01-10,827.46
2014-01-09,809.17
2014-01-08,825.29
2014-01-07,867.38
2014-01-06,934.21
2014-01-05,896.0
2014-01-04,822.38
2014-01-03,806.21
2014-01-02,758.01
2014-01-01,746.9
2013-12-31,731.0
2013-12-30,739.1
2013-12-29,714.79
2013-12-28,701.61
2013-12-27,715.51
2013-12-26,734.42
2013-12-25,658.07
2013-12-24,647.27
2013-12-23,639.9
2013-12-22,637.0
2013-12-21,612.5
2013-12-20,660.0
2013-12-19,653.0
2013-12-18,576.16
2013-12-17,702.05
2013-12-16,709.0
2013-12-15,848.17
2013-12-14,864.7
2013-12-13,874.0
2013-12-12,845.75
2013-12-11,886.2
2013-12-10,936.98
2013-12-09,871.0
2013-12-08,722.99
2013-12-07,727.29
2013-12-06,894.0
2013-12-05,1028.34
2013-12-04,1151.0
2013-12-03,1060.0
2013-12-02,992.27
2013-12-01,970.0
2013-11-30,1119.96
2013-11-29,1083.9
2013-11-28,1009.0
2013-11-27,961.0
2013-11-26,844.9
2013-11-25,814.0
2013-11-24,833.16
2013-11-23,837.99
2013-11-22,761.0
2013-11-21,694.95
2013-11-20,595.0
2013-11-19,559.99
2013-11-18,583.16
2013-11-17,463.0
2013-11-16,433.53
2013-11-15,428.24
2013-11-14,416.5
2013-11-13,391.64
2013-11-12,353.95
2013-11-11,339.38
2013-11-10,296.91
2013-11-09,359.76
2013-11-08,325.56
2013-11-07,292.32
2013-11-06,258.23
2013-11-05,246.63
2013-11-04,225.1
2013-11-03,206.85
2013-11-02,204.15
2013-11-01,203.24
2013-10-31,201.61
2013-10-30,203.39
2013-10-29,202.09
2013-10-28,196.25
2013-10-27,189.06
2013-10-26,179.71
2013-10-25,172.81
2013-10-24,195.78
2013-10-23,199.95
2013-10-22,191.78
2013-10-21,177.07
2013-10-20,165.71
2013-10-19,165.05
2013-10-18,150.59
2013-10-17,143.33
2013-10-16,141.83
2013-10-15,139.24
2013-10-14,135.69
2013-10-13,129.74
2013-10-12,127.53
2013-10-11,126.84
2013-10-10,126.43
2013-10-09,126.08
2013-10-08,123.84
2013-10-07,123.6
2013-10-06,121.6
2013-10-05,121.51
2013-10-04,122.0
2013-10-03,116.95
2013-10-02,104.47
2013-10-01,127.11
2013-09-30,125.8
2013-09-29,128.1
2013-09-28,126.5
2013-09-27,125.6
2013-09-26,123.85
2013-09-25,124.18
2013-09-24,122.59
2013-09-23,123.02
2013-09-22,122.78
2013-09-21,123.5
2013-09-20,123.98
2013-09-19,124.1
2013-09-18,127.23
2013-09-17,127.56
2013-09-16,126.02
2013-09-15,125.46
2013-09-14,124.32
2013-09-13,128.29
2013-09-12,128.45
2013-09-11,124.1
2013-09-10,123.39
2013-09-09,121.66
2013-09-08,118.51
2013-09-07,120.15
2013-09-06,122.44
2013-09-05,124.51
2013-09-04,126.74
2013-09-03,130.45
2013-09-02,131.03
2013-09-01,130.82
2013-08-31,132.75
2013-08-30,124.79
2013-08-29,119.48
2013-08-28,119.25
2013-08-27,117.52
2013-08-26,111.8
2013-08-25,112.9
2013-08-24,108.79
2013-08-23,107.48
2013-08-22,111.01
2013-08-21,109.75
2013-08-20,104.59
2013-08-19,102.07
2013-08-18,99.02
2013-08-17,98.39
2013-08-16,98.51
2013-08-15,98.28
2013-08-14,100.03
2013-08-13,107.29884
2013-08-12,104.99498
2013-08-11,103.85001
2013-08-10,102.61802
2013-08-09,102.3
2013-08-08,101.9
2013-08-07,105.6
2013-08-06,106.88378
2013-08-05,106.4
2013-08-04,104.67459
2013-08-03,103.80001
2013-08-02,105.5
2013-08-01,104.19
2013-07-31,104.95555
2013-07-30,101.89998
2013-07-29,101.04202
2013-07-28,99.00001
2013-07-27,95.20461
2013-07-26,96.39475
2013-07-25,96.2
2013-07-24,93.6216
2013-07-23,95.396
2013-07-22,91.788
2013-07-21,88.93999
2013-07-20,91.8775
2013-07-19,93.41082
2013-07-18,90.40001
2013-07-17,97.97
2013-07-16,97.01
2013-07-15,98.37516
2013-07-14,94.75
2013-07-13,95.995
2013-07-12,97.8
2013-07-11,87.15
2013-07-10,78.58899
2013-07-09,76.32791
2013-07-08,77.64
2013-07-07,70.942
2013-07-06,69.34602
2013-07-05,67.85844
2013-07-04,79.8
2013-07-03,82.8
2013-07-02,89.55
2013-07-01,90.998
2013-06-30,96.5
2013-06-29,95.85301
2013-06-28,96.63498
2013-06-27,102.79001
2013-06-26,104.40565
2013-06-25,103.86665
2013-06-24,101.96936
2013-06-23,107.68389
2013-06-22,109.09
2013-06-21,111.0
2013-06-20,111.97
2013-06-19,107.835
2013-06-18,107.38999
2013-06-17,100.52521
2013-06-16,100.0
2013-06-15,101.96998
2013-06-14,100.0
2013-06-13,109.0
2013-06-12,108.16201
2013-06-11,108.0
2013-06-10,104.96851
2013-06-09,98.47045
2013-06-08,107.8
2013-06-07,110.29501
2013-06-06,120.68998
2013-06-05,122.4051
2013-06-04,120.56663
2013-06-03,120.00002
2013-06-02,120.60293
2013-06-01,129.19945
2013-05-31,127.34072
2013-05-30,130.99589
2013-05-29,129.97994
2013-05-28,128.321
2013-05-27,132.60997
2013-05-26,134.04701
2013-05-25,132.69
2013-05-24,131.5
2013-05-23,125.67
2013-05-22,122.64
2013-05-21,122.5
2013-05-20,122.65001
2013-05-19,121.05628
2013-05-18,123.74995
2013-05-17,124.49
2013-05-16,115.09024
2013-05-15,114.98499
2013-05-14,119.0
2013-05-13,117.50298
2013-05-12,114.32
2013-05-11,115.4
2013-05-10,117.68
2013-05-09,109.56154
2013-05-08,113.95001
2013-05-07,106.81
2013-05-06,120.94999
2013-05-05,117.89001
2013-05-04,111.98979
2013-05-03,93.15
2013-05-02,105.00003
2013-05-01,124.2998
2013-04-30,139.109
2013-04-29,141.50002
2013-04-28,135.98999
2013-04-27,128.00001
2013-04-26,135.601
2013-04-25,151.12001
2013-04-24,153.20019
2013-04-23,136.08099
2013-04-22,123.515
2013-04-21,125.0
2013-04-20,123.86
2013-04-19,119.62
2013-04-18,96.5
2013-04-17,85.59999
2013-04-16,91.0
2013-04-15,91.0
2013-04-14,91.0
2013-04-13,109.49999
2013-04-12,76.488
2013-04-11,123.40098
2013-04-10,198.0
2013-04-09,237.99
2013-04-08,184.0
2013-04-07,160.0997
2013-04-06,142.49765
2013-04-05,143.8
2013-04-04,131.99899
2013-04-03,138.79
2013-04-02,108.73
2013-04-01,102.51001
2013-03-31,92.50001
2013-03-30,90.99999
2013-03-29,89.05
2013-03-28,93.56701
2013-03-27,88.9
2013-03-26,78.0
2013-03-25,73.88798
2013-03-24,70.1
2013-03-23,63.0
2013-03-22,71.5
2013-03-21,73.8
2013-03-20,63.40967
2013-03-19,57.76
2013-03-18,47.65
2013-03-17,47.4419
2013-03-16,47.11
2013-03-15,47.25005
2013-03-14,47.27589
2013-03-13,46.79999
2013-03-12,45.01771
2013-03-11,47.7397
2013-03-10,46.5
2013-03-09,46.01112
2013-03-08,42.98
2013-03-07,42.49271
2013-03-06,47.5
2013-03-05,40.04
2013-03-04,36.35
2013-03-03,34.10007
2013-03-02,34.1808
2013-03-01,34.87799
2013-02-28,33.50001
2013-02-27,31.40181
2013-02-26,31.179
2013-02-25,30.25001
2013-02-24,30.29777
2013-02-23,29.27998
2013-02-22,30.901
2013-02-21,29.80012
2013-02-20,29.81231
2013-02-19,28.78999
2013-02-18,26.81565
2013-02-17,25.6083
2013-02-16,27.07009
2013-02-15,26.99898
2013-02-14,26.53092
2013-02-13,26.09999
2013-02-12,25.76997
2013-02-11,24.1955
2013-02-10,23.61458
2013-02-09,23.69997
2013-02-08,22.15
2013-02-07,22.15
2013-02-06,21.3339
2013-02-05,20.79
2013-02-04,21.05
2013-02-03,20.68
2013-02-02,21.1
2013-02-01,21.3
2013-01-31,21.43
2013-01-30,19.7
2013-01-29,19.8
2013-01-28,18.45
2013-01-27,17.99999
2013-01-26,17.61926
2013-01-25,18.8348
2013-01-24,19.18999
2013-01-23,17.5889
2013-01-22,17.59
2013-01-21,16.98
2013-01-20,15.89
2013-01-19,15.84304
2013-01-18,15.985
2013-01-17,15.39
2013-01-16,14.689
2013-01-15,14.47899
2013-01-14,14.3
2013-01-13,14.3148
2013-01-12,14.34999
2013-01-11,14.29999
2013-01-10,14.32
2013-01-09,13.87998
2013-01-08,13.83
2013-01-07,13.535
2013-01-06,13.52999
2013-01-05,13.548
2013-01-04,13.48986
2013-01-03,13.464
2013-01-02,13.4
2013-01-01,13.561
2012-12-31,13.59
2012-12-30,13.56998
2012-12-29,13.67
2012-12-28,13.6499
2012-12-27,13.47
2012-12-26,13.3989
2012-12-25,13.45
2012-12-24,13.45
2012-12-23,13.48547
2012-12-22,13.58998
2012-12-21,13.6475
2012-12-20,13.72
2012-12-19,13.399
2012-12-18,13.399
2012-12-17,13.498
2012-12-16,13.66548
2012-12-15,13.7722
2012-12-14,13.90119
2012-12-13,13.79989
2012-12-12,13.63999
2012-12-11,13.63999
2012-12-10,13.55
2012-12-09,13.53
2012-12-08,13.55
2012-12-07,13.68
2012-12-06,13.6888
2012-12-05,13.5
2012-12-04,12.96675
2012-12-03,12.67901
2012-12-02,12.68
2012-12-01,12.68778
2012-11-30,12.65
2012-11-29,12.599
2012-11-28,12.40712
2012-11-27,12.52999
2012-11-26,12.6515
2012-11-25,12.6
2012-11-24,12.4108
2012-11-23,12.43
2012-11-22,12.28
2012-11-21,11.784
2012-11-20,11.84
2012-11-19,11.79998
2012-11-18,11.832
2012-11-17,11.8
2012-11-16,11.8
2012-11-15,11.114
2012-11-14,11.05
2012-11-13,11.129
2012-11-12,11.18
2012-11-11,10.939
2012-11-10,10.95899
2012-11-09,11.07
2012-11-08,11.0979
2012-11-07,11.21603
2012-11-06,10.88997
2012-11-05,10.9
2012-11-04,10.68
2012-11-03,10.60097
2012-11-02,11.20999
2012-11-01,11.279
2012-10-31,11.14
2012-10-30,10.85
2012-10-29,10.95
2012-10-28,10.61
2012-10-27,10.83883
2012-10-26,11.09988
2012-10-25,11.71
2012-10-24,11.82
2012-10-23,12.0
2012-10-22,11.81
2012-10-21,11.7965
2012-10-20,11.85
2012-10-19,11.967
2012-10-18,11.95998
2012-10-17,11.99
2012-10-16,11.99
2012-10-15,12.03
2012-10-14,12.0
2012-10-13,12.137
2012-10-12,12.15
2012-10-11,12.19
2012-10-10,12.15
2012-10-09,12.35
2012-10-08,12.08
2012-10-07,12.7369
2012-10-06,12.89999
2012-10-05,12.99
2012-10-04,13.0899
2012-10-03,12.8999
2012-10-02,12.88
2012-10-01,12.481
2012-09-30,12.47499
2012-09-29,12.49
2012-09-28,12.444
2012-09-27,12.46
2012-09-26,12.28
2012-09-25,12.22909
2012-09-24,12.29888
2012-09-23,12.2749
2012-09-22,12.4433
2012-09-21,12.57001
2012-09-20,12.68666
2012-09-19,12.61
2012-09-18,12.09
2012-09-17,11.9625
2012-09-16,11.99
2012-09-15,11.799
2012-09-14,11.75
2012-09-13,11.399
2012-09-12,11.3789
2012-09-11,11.19401
2012-09-10,11.127
2012-09-09,11.14288
2012-09-08,11.21
2012-09-07,11.29
2012-09-06,11.17
2012-09-05,10.57888
2012-09-04,10.5934
2012-09-03,10.5
2012-09-02,10.18999
2012-09-01,10.42
2012-08-31,10.8359
2012-08-30,10.937
2012-08-29,11.20999
2012-08-28,11.3807
2012-08-27,12.14999
2012-08-26,10.61913
2012-08-25,10.25
2012-08-24,10.25
2012-08-23,10.25
2012-08-22,10.26
2012-08-21,10.29999
2012-08-20,10.5
2012-08-19,12.0
2012-08-18,15.26014
2012-08-17,15.4
2012-08-16,13.84119
2012-08-15,12.67
2012-08-14,12.17887
2012-08-13,11.86999
2012-08-12,11.765
2012-08-11,11.59788
2012-08-10,11.6
2012-08-09,12.0
2012-08-08,11.14999
2012-08-07,11.04
2012-08-06,11.29112
2012-08-05,11.1869
2012-08-04,11.3
2012-08-03,11.1188
2012-08-02,9.8
2012-08-01,9.54
2012-07-31,9.44
2012-07-30,9.15
2012-07-29,8.889
2012-07-28,8.93
2012-07-27,8.95
2012-07-26,8.9
2012-07-25,8.76998
2012-07-24,8.96
2012-07-23,9.2
2012-07-22,9.0
2012-07-21,9.7
2012-07-20,9.23355
2012-07-19,9.27491
2012-07-18,9.39899
2012-07-17,9.49
2012-07-16,8.2899
2012-07-15,7.64877
2012-07-14,7.68891
2012-07-13,7.9
2012-07-12,7.32
2012-07-11,7.257
2012-07-10,7.239
2012-07-09,6.896
2012-07-08,6.87
2012-07-07,6.75
2012-07-06,6.73449
2012-07-05,6.77
2012-07-04,6.55
2012-07-03,6.765
2012-07-02,6.75
2012-07-01,6.694
2012-06-30,6.693
2012-06-29,6.662
2012-06-28,6.66897
2012-06-27,6.55555
2012-06-26,6.4514
2012-06-25,6.44999
2012-06-24,6.5915
2012-06-23,6.65062
2012-06-22,6.79962
2012-06-21,6.8
2012-06-20,6.64999
2012-06-19,6.53294
2012-06-18,6.4668
2012-06-17,6.52999
2012-06-16,6.599
2012-06-15,6.165
2012-06-14,5.95
2012-06-13,5.96
2012-06-12,5.7
2012-06-11,5.54545
2012-06-10,5.62
2012-06-09,5.69999
2012-06-08,5.66
2012-06-07,5.529
2012-06-06,5.47
2012-06-05,5.5
2012-06-04,5.2785
2012-06-03,5.26466
2012-06-02,5.279
2012-06-01,5.27
2012-05-31,5.19
2012-05-30,5.1725
2012-05-29,5.15889
2012-05-28,5.16
2012-05-27,5.148
2012-05-26,5.149
2012-05-25,5.15
2012-05-24,5.2324
2012-05-23,5.16
2012-05-22,5.12
2012-05-21,5.1475
2012-05-20,5.15
2012-05-19,5.14291
2012-05-18,5.13
2012-05-17,5.1345
2012-05-16,5.08998
2012-05-15,5.09
2012-05-14,5.036
2012-05-13,4.99888
2012-05-12,5.0
2012-05-11,5.03188
2012-05-10,5.125
2012-05-09,5.09609
2012-05-08,5.1
2012-05-07,5.0947
2012-05-06,5.099
2012-05-05,5.1495
2012-05-04,5.15
2012-05-03,5.184
2012-05-02,5.1789
2012-05-01,5.0
2012-04-30,5.0
2012-04-29,5.0184
2012-04-28,5.1176
2012-04-27,5.1372
2012-04-26,5.18
2012-04-25,5.16
2012-04-24,5.2
2012-04-23,5.21799
2012-04-22,5.3287
2012-04-21,5.48
2012-04-20,5.17
2012-04-19,5.19
2012-04-18,5.1782
2012-04-17,5.02207
2012-04-16,4.98
2012-04-15,4.98389
2012-04-14,5.03
2012-04-13,4.94464
2012-04-12,4.98
2012-04-11,4.8941
2012-04-10,4.9
2012-04-09,4.8
2012-04-08,4.8
2012-04-07,4.98
2012-04-06,4.96
2012-04-05,4.94486
2012-04-04,4.97
2012-04-03,5.01
2012-04-02,5.08
2012-04-01,4.929
2012-03-31,4.95
2012-03-30,4.83
2012-03-29,4.86092
2012-03-28,4.84592
2012-03-27,4.74
2012-03-26,4.73793
2012-03-25,4.68294
2012-03-24,4.74896
2012-03-23,4.83
2012-03-22,4.88
2012-03-21,4.87
2012-03-20,4.98
2012-03-19,5.3099
2012-03-18,5.37998
2012-03-17,5.3998
2012-03-16,5.4
2012-03-15,5.45
2012-03-14,5.4444
2012-03-13,5.41
2012-03-12,4.95915
2012-03-11,4.99
2012-03-10,4.94
2012-03-09,4.9499
2012-03-08,5.0
2012-03-07,5.07
2012-03-06,5.05
2012-03-05,5.04
2012-03-04,4.9
2012-03-03,4.77995
2012-03-02,4.98888
2012-03-01,4.98421
2012-02-29,4.9
2012-02-28,5.0
2012-02-27,5.1
2012-02-26,5.00073
2012-02-25,5.07
2012-02-24,5.19778
2012-02-23,4.92481
2012-02-22,4.54
2012-02-21,4.4354
2012-02-20,4.52
2012-02-19,4.33333
2012-02-18,4.49675
2012-02-17,4.76998
2012-02-16,4.73368
2012-02-15,4.88
2012-02-14,5.6
2012-02-13,5.72
2012-02-12,5.85
2012-02-11,6.0
2012-02-10,5.92525
2012-02-09,5.8
2012-02-08,5.8494
2012-02-07,5.70999
2012-02-06,5.79
2012-02-05,5.9625
2012-02-04,6.0
2012-02-03,6.148
2012-02-02,6.2
2012-02-01,5.638
2012-01-31,5.65
2012-01-30,5.6
2012-01-29,5.76
2012-01-28,5.74815
2012-01-27,5.689
2012-01-26,6.2
2012-01-25,6.45
2012-01-24,6.515
2012-01-23,6.45485
2012-01-22,6.39
2012-01-21,6.55
2012-01-20,6.58
2012-01-19,6.3
2012-01-18,6.95
2012-01-17,6.98
2012-01-16,7.18888
2012-01-15,6.98999
2012-01-14,6.75
2012-01-13,6.8583899897
2012-01-12,6.997
2012-01-11,7.138
2012-01-10,6.89
2012-01-09,7.2
2012-01-08,7.2
2012-01-07,7.01556
2012-01-06,7.22
2012-01-05,6.399
2012-01-04,5.6063
2012-01-03,5.29
2012-01-02,5.4999
2012-01-01,5.2
2011-12-31,4.995
2011-12-30,4.3
2011-12-29,4.33
2011-12-28,4.18888
2011-12-27,4.06
2011-12-26,4.31259
2011-12-25,4.3897
2011-12-24,3.9499
2011-12-23,3.95
2011-12-22,3.99199
2011-12-21,4.11
2011-12-20,4.5
2011-12-19,3.70036
2011-12-18,3.25
2011-12-17,3.23
2011-12-16,3.23
2011-12-15,3.1933
2011-12-14,3.277
2011-12-13,3.3
2011-12-12,3.34237
2011-12-11,3.38
2011-12-10,3.04
2011-12-09,3.039
2011-12-08,3.1
2011-12-07,3.082
2011-12-06,3.05
2011-12-05,2.93
2011-12-04,2.99
2011-12-03,3.12999
2011-12-02,3.138
2011-12-01,3.14
2011-11-30,2.959
2011-11-29,2.981
2011-11-28,2.53899
2011-11-27,2.4965
2011-11-26,2.53125
2011-11-25,2.56
2011-11-24,2.46
2011-11-23,2.38
2011-11-22,2.35
2011-11-21,2.29
2011-11-20,2.499
2011-11-19,2.3
2011-11-18,2.38998
2011-11-17,2.60031
2011-11-16,2.6
2011-11-15,2.69
2011-11-14,3.03
2011-11-13,3.099
2011-11-12,3.11
2011-11-11,3.0
2011-11-10,3.0
2011-11-09,3.114
2011-11-08,3.21
2011-11-07,3.0289
2011-11-06,3.05
2011-11-05,3.21
2011-11-04,3.21874
2011-11-03,3.299
2011-11-02,3.44
2011-11-01,3.35
2011-10-31,3.388
2011-10-30,3.65026
2011-10-29,3.82717
2011-10-28,3.255
2011-10-27,3.0499
2011-10-26,2.876
2011-10-25,3.04
2011-10-24,3.2
2011-10-23,3.36
2011-10-22,3.3
2011-10-21,2.72002
2011-10-20,2.42
2011-10-19,2.64999
2011-10-18,2.9
2011-10-17,3.75996
2011-10-16,3.9009000002
2011-10-15,4.05
2011-10-14,4.11455
2011-10-13,4.45
2011-10-12,4.20612
2011-10-11,4.14001
2011-10-10,4.25937
2011-10-09,4.389
2011-10-08,4.594
2011-10-07,4.85
2011-10-06,4.93
2011-10-05,5.025
2011-10-04,5.03
2011-10-03,5.07546
2011-10-02,5.16
2011-10-01,5.3
2011-09-30,5.35
2011-09-29,4.809
2011-09-28,4.989
2011-09-27,5.13018
2011-09-26,5.46014
2011-09-25,5.5
2011-09-24,5.66
2011-09-23,5.70653
2011-09-22,5.83001
2011-09-21,6.28664
2011-09-20,6.795
2011-09-19,5.6
2011-09-18,5.0
2011-09-17,5.022
2011-09-16,5.23
2011-09-15,5.69
2011-09-14,5.9900000009
2011-09-13,6.25
2011-09-12,7.081
2011-09-11,7.4
2011-09-10,6.2089200002
2011-09-09,6.94
2011-09-08,7.31509
2011-09-07,7.59916
2011-09-06,7.65713
2011-09-05,8.467
2011-09-04,8.5939999988
2011-09-03,8.7138
2011-09-02,8.4989
2011-09-01,8.4493399997
2011-08-31,9.0
2011-08-30,9.15031
2011-08-29,9.4811
2011-08-28,9.48
2011-08-27,9.11
2011-08-26,10.3
2011-08-25,10.96554
2011-08-24,11.4
2011-08-23,11.49
2011-08-22,11.501
2011-08-21,11.59
2011-08-20,11.798
2011-08-19,11.81
2011-08-18,11.67
2011-08-17,11.3
2011-08-16,11.38
2011-08-15,11.89
2011-08-14,11.24
2011-08-13,10.05
2011-08-12,9.89520343
2011-08-11,10.4959
2011-08-10,10.7
2011-08-09,12.1
2011-08-08,8.89
2011-08-07,9.8
2011-08-06,11.0
2011-08-05,11.55
2011-08-04,11.4876543
2011-08-03,13.1
2011-08-02,13.45
2011-08-01,13.5501
2011-07-31,14.8999
2011-07-30,13.8
2011-07-29,13.8
2011-07-28,14.0
2011-07-27,14.13
2011-07-26,14.4
2011-07-25,14.7399
2011-07-24,13.979999
2011-07-23,13.92
2011-07-22,13.9389
2011-07-21,13.9389
2011-07-20,14.04
2011-07-19,14.7
2011-07-18,13.6901
2011-07-17,13.96
2011-07-16,14.1
2011-07-15,14.3
2011-07-14,14.1
2011-07-13,14.15
2011-07-12,14.63988
2011-07-11,15.1999
2011-07-10,15.68
2011-07-09,15.0
2011-07-08,15.64276
2011-07-07,16.25
2011-07-06,16.5
2011-07-05,15.0
2011-07-04,15.85
2011-07-03,15.7
2011-07-02,16.49
2011-07-01,17.0
2011-06-30,17.5
2011-06-29,17.3
2011-06-28,17.52
2011-06-27,18.0
2011-06-26,17.51001
2011-06-25,17.6
2011-06-24,16.7501
2011-06-23,16.0
2011-06-22,15.05
2011-06-21,15.5
2011-06-20,17.35
2011-06-19,18.8766
2011-06-18,17.2
2011-06-17,19.3898
2011-06-16,19.96
2011-06-15,20.0
2011-06-14,20.99
2011-06-13,24.5
2011-06-12,24.99
2011-06-11,30.0
2011-06-10,35.0
2011-06-09,31.5
2011-06-08,31.9099
2011-06-07,19.06
2011-06-06,19.23
2011-06-05,18.998
2011-06-04,17.41
2011-06-03,14.3
2011-06-02,10.57
2011-06-01,9.391
2011-05-31,9.4998
2011-05-30,9.0
2011-05-29,8.4992
2011-05-28,8.735
2011-05-27,8.92
2011-05-26,9.33
2011-05-25,7.51
2011-05-24,7.2
2011-05-23,7.45
2011-05-22,6.61
2011-05-21,6.6036
2011-05-20,7.1
2011-05-19,7.34
2011-05-18,7.874
2011-05-17,8.38901
2011-05-16,8.5
2011-05-15,8.55
2011-05-14,8.9
2011-05-13,8.45
2011-05-12,5.94998
2011-05-11,6.065
2011-05-10,5.2
2011-05-09,3.937
2011-05-08,3.9
2011-05-07,3.7
2011-05-06,3.5998
2011-05-05,3.5
2011-05-04,3.58
2011-05-03,3.49
2011-05-02,3.495
2011-05-01,4.09
2011-04-30,4.14996
2011-04-29,2.7
2011-04-28,2.65
2011-04-27,1.95
2011-04-26,1.73
2011-04-25,1.701
2011-04-24,1.95
2011-04-23,1.549
2011-04-22,1.332
2011-04-21,1.1979
2011-04-20,1.1979
2011-04-19,1.19
2011-04-18,1.1999
2011-04-17,1.085
2011-04-16,1.095
2011-04-15,1.08999
2011-04-14,0.94
2011-04-13,1.0
2011-04-12,0.897
2011-04-11,0.781
2011-04-10,0.758899
2011-04-09,0.7676
2011-04-08,0.799
2011-04-07,0.7677
2011-04-06,0.747844
2011-04-05,0.71
2011-04-04,0.79
2011-04-03,0.7998
2011-04-02,0.79697
2011-04-01,0.79997
2011-03-31,0.80098
2011-03-30,0.795
2011-03-29,0.8
2011-03-28,0.8575
2011-03-27,0.8958
2011-03-26,0.905
2011-03-25,0.89
2011-03-24,0.9
2011-03-23,0.85
2011-03-22,0.799646
2011-03-21,0.7883
2011-03-20,0.79
2011-03-19,0.824
2011-03-18,0.850617
2011-03-17,0.88
2011-03-16,0.89
2011-03-15,0.899885
2011-03-14,0.9
2011-03-13,0.9196
2011-03-12,0.9197
2011-03-11,0.9329
2011-03-10,0.87
2011-03-09,0.883751
2011-03-08,0.9072
2011-03-07,0.909
2011-03-06,0.910445
2011-03-05,0.918901
2011-03-04,0.9392
2011-03-03,0.94
2011-03-02,0.9498
2011-03-01,0.97
2011-02-28,0.949231
2011-02-27,0.96
2011-02-26,0.988567
2011-02-25,1.0
2011-02-24,0.9499
2011-02-23,0.95
2011-02-22,0.869499
2011-02-21,0.8796
2011-02-20,0.954896
2011-02-19,1.02
2011-02-18,1.05019
2011-02-17,1.05019
2011-02-16,1.05019
2011-02-15,1.085
2011-02-14,1.08
2011-02-13,1.08
2011-02-12,1.0899
2011-02-11,1.0065
2011-02-10,1.1
2011-02-09,0.935
2011-02-08,0.9
2011-02-07,0.90585
2011-02-06,0.92
2011-02-05,0.9167
2011-02-04,0.88
2011-02-03,0.75
2011-02-02,0.840099
2011-02-01,0.95
2011-01-31,0.5
2011-01-30,0.48
2011-01-29,0.446
2011-01-28,0.45
2011-01-27,0.4174
2011-01-26,0.425
2011-01-25,0.425
2011-01-24,0.443
2011-01-23,0.4443
2011-01-22,0.4299
2011-01-21,0.44
2011-01-20,0.3675
2011-01-19,0.3401
2011-01-18,0.38679
2011-01-17,0.4
2011-01-16,0.4
2011-01-15,0.4
2011-01-14,0.45
2011-01-13,0.405
2011-01-12,0.35
2011-01-11,0.329
2011-01-10,0.329
2011-01-09,0.322998
2011-01-08,0.322898
2011-01-07,0.322
2011-01-06,0.299
2011-01-05,0.298998
2011-01-04,0.299899
2011-01-03,0.299998
2011-01-02,0.299996
2011-01-01,0.299998
2010-12-31,0.299999
2010-12-30,0.299999
2010-12-29,0.301
2010-12-28,0.28
2010-12-27,0.265
2010-12-26,0.269999
2010-12-25,0.25
2010-12-24,0.25
2010-12-23,0.25
2010-12-22,0.267
2010-12-21,0.26909
2010-12-20,0.275
2010-12-19,0.2499
2010-12-18,0.249
2010-12-17,0.255
2010-12-16,0.2459
2010-12-15,0.2468
2010-12-14,0.23
2010-12-13,0.22748
2010-12-12,0.228
2010-12-11,0.2275
2010-12-10,0.204
2010-12-09,0.2388
2010-12-08,0.2477
2010-12-07,0.226
2010-12-06,0.225
2010-12-05,0.235
2010-12-04,0.2589
2010-12-03,0.2553
2010-12-02,0.25
2010-12-01,0.225
2010-11-30,0.275
2010-11-29,0.279
2010-11-28,0.28461
2010-11-27,0.284399
2010-11-26,0.289
2010-11-25,0.28299
2010-11-24,0.28299
2010-11-23,0.2879
2010-11-22,0.282
2010-11-21,0.29
2010-11-20,0.289
2010-11-19,0.283
2010-11-18,0.289999
2010-11-17,0.28
2010-11-16,0.2827
2010-11-15,0.2828
2010-11-14,0.299
2010-11-13,0.3
2010-11-12,0.251
2010-11-11,0.24
2010-11-10,0.2667
2010-11-09,0.3368
2010-11-08,0.37
2010-11-07,0.499999
2010-11-06,0.29
2010-11-05,0.2399
2010-11-04,0.23601
2010-11-03,0.275
2010-11-02,0.1955
2010-11-01,0.1975
2010-10-31,0.199
2010-10-30,0.1919
2010-10-29,0.191
2010-10-28,0.19001
2010-10-27,0.19
2010-10-26,0.19
2010-10-25,0.15
2010-10-24,0.19
2010-10-23,0.10901
2010-10-22,0.107
2010-10-21,0.109
2010-10-20,0.103
2010-10-19,0.1024
2010-10-18,0.103
2010-10-17,0.1045
2010-10-16,0.109
2010-10-15,0.119
2010-10-14,0.105
2010-10-13,0.095
2010-10-12,0.099
2010-10-11,0.1301
2010-10-10,0.12
2010-10-09,0.12001
2010-10-08,0.088
2010-10-07,0.0638
2010-10-06,0.0633
2010-10-05,0.06301
2010-10-04,0.062
2010-10-03,0.0614
2010-10-02,0.061999
2010-10-01,0.061999
2010-09-30,0.06192
2010-09-29,0.06219
2010-09-28,0.06271
2010-09-27,0.062206
2010-09-26,0.062279
2010-09-25,0.0624
2010-09-24,0.06281
2010-09-23,0.063
2010-09-22,0.0628
2010-09-21,0.0633
2010-09-20,0.0634
2010-09-19,0.062599
2010-09-18,0.0609
2010-09-17,0.0609
2010-09-16,0.0619
2010-09-15,0.175
2010-09-14,0.0641
2010-09-13,0.06201
2010-09-12,0.064999
2010-09-11,0.062
2010-09-10,0.06201
2010-09-09,0.0624
2010-09-08,0.06201
2010-09-07,0.06185
2010-09-06,0.064
2010-09-05,0.0629
2010-09-04,0.0613
2010-09-03,0.0634
2010-09-02,0.0629
2010-09-01,0.0649
2010-08-31,0.06497
2010-08-30,0.069
2010-08-29,0.0648
2010-08-28,0.065
2010-08-27,0.065
2010-08-26,0.066499
2010-08-25,0.0665
2010-08-24,0.066889
2010-08-23,0.066
2010-08-22,0.0664
2010-08-21,0.066899
2010-08-20,0.0667
2010-08-19,0.0688
2010-08-18,0.074
2010-08-17,0.0769
2010-08-16,0.0
2010-08-15,0.0
2010-08-14,0.0
2010-08-13,0.0
2010-08-12,0.0
2010-08-11,0.0
2010-08-10,0.0
2010-08-09,0.0
2010-08-08,0.0
2010-08-07,0.0
2010-08-06,0.0
2010-08-05,0.0
2010-08-04,0.0
2010-08-03,0.0
2010-08-02,0.0
2010-08-01,0.0
2010-07-31,0.0
2010-07-30,0.0
2010-07-29,0.0
2010-07-28,0.0
2010-07-27,0.0
2010-07-26,0.0
2010-07-25,0.0
2010-07-24,0.0
2010-07-23,0.0
2010-07-22,0.0
2010-07-21,0.0
2010-07-20,0.0
2010-07-19,0.0
2010-07-18,0.0
2010-07-17,0.0
2010-07-16,0.0
2010-07-15,0.0
2010-07-14,0.0
2010-07-13,0.0
2010-07-12,0.0
2010-07-11,0.0
2010-07-10,0.0
2010-07-09,0.0
2010-07-08,0.0
2010-07-07,0.0
2010-07-06,0.0
2010-07-05,0.0
2010-07-04,0.0
2010-07-03,0.0
2010-07-02,0.0
2010-07-01,0.0
2010-06-30,0.0
2010-06-29,0.0
2010-06-28,0.0
2010-06-27,0.0
2010-06-26,0.0
2010-06-25,0.0
2010-06-24,0.0
2010-06-23,0.0
2010-06-22,0.0
2010-06-21,0.0
2010-06-20,0.0
2010-06-19,0.0
2010-06-18,0.0
2010-06-17,0.0
2010-06-16,0.0
2010-06-15,0.0
2010-06-14,0.0
2010-06-13,0.0
2010-06-12,0.0
2010-06-11,0.0
2010-06-10,0.0
2010-06-09,0.0
2010-06-08,0.0
2010-06-07,0.0
2010-06-06,0.0
2010-06-05,0.0
2010-06-04,0.0
2010-06-03,0.0
2010-06-02,0.0
2010-06-01,0.0
2010-05-31,0.0
2010-05-30,0.0
2010-05-29,0.0
2010-05-28,0.0
2010-05-27,0.0
2010-05-26,0.0
2010-05-25,0.0
2010-05-24,0.0
2010-05-23,0.0
2010-05-22,0.0
2010-05-21,0.0
2010-05-20,0.0
2010-05-19,0.0
2010-05-18,0.0
2010-05-17,0.0
2010-05-16,0.0
2010-05-15,0.0
2010-05-14,0.0
2010-05-13,0.0
2010-05-12,0.0
2010-05-11,0.0
2010-05-10,0.0
2010-05-09,0.0
2010-05-08,0.0
2010-05-07,0.0
2010-05-06,0.0
2010-05-05,0.0
2010-05-04,0.0
2010-05-03,0.0
2010-05-02,0.0
2010-05-01,0.0
2010-04-30,0.0
2010-04-29,0.0
2010-04-28,0.0
2010-04-27,0.0
2010-04-26,0.0
2010-04-25,0.0
2010-04-24,0.0
2010-04-23,0.0
2010-04-22,0.0
2010-04-21,0.0
2010-04-20,0.0
2010-04-19,0.0
2010-04-18,0.0
2010-04-17,0.0
2010-04-16,0.0
2010-04-15,0.0
2010-04-14,0.0
2010-04-13,0.0
2010-04-12,0.0
2010-04-11,0.0
2010-04-10,0.0
2010-04-09,0.0
2010-04-08,0.0
2010-04-07,0.0
2010-04-06,0.0
2010-04-05,0.0
2010-04-04,0.0
2010-04-03,0.0
2010-04-02,0.0
2010-04-01,0.0
2010-03-31,0.0
2010-03-30,0.0
2010-03-29,0.0
2010-03-28,0.0
2010-03-27,0.0
2010-03-26,0.0
2010-03-25,0.0
2010-03-24,0.0
2010-03-23,0.0
2010-03-22,0.0
2010-03-21,0.0
2010-03-20,0.0
2010-03-19,0.0
2010-03-18,0.0
2010-03-17,0.0
2010-03-16,0.0
2010-03-15,0.0
2010-03-14,0.0
2010-03-13,0.0
2010-03-12,0.0
2010-03-11,0.0
2010-03-10,0.0
2010-03-09,0.0
2010-03-08,0.0
2010-03-07,0.0
2010-03-06,0.0
2010-03-05,0.0
2010-03-04,0.0
2010-03-03,0.0
2010-03-02,0.0
2010-03-01,0.0
2010-02-28,0.0
2010-02-27,0.0
2010-02-26,0.0
2010-02-25,0.0
2010-02-24,0.0
2010-02-23,0.0
2010-02-22,0.0
2010-02-21,0.0
2010-02-20,0.0
2010-02-19,0.0
2010-02-18,0.0
2010-02-17,0.0
2010-02-16,0.0
2010-02-15,0.0
2010-02-14,0.0
2010-02-13,0.0
2010-02-12,0.0
2010-02-11,0.0
2010-02-10,0.0
2010-02-09,0.0
2010-02-08,0.0
2010-02-07,0.0
2010-02-06,0.0
2010-02-05,0.0
2010-02-04,0.0
2010-02-03,0.0
2010-02-02,0.0
2010-02-01,0.0
2010-01-31,0.0
2010-01-30,0.0
2010-01-29,0.0
2010-01-28,0.0
2010-01-27,0.0
2010-01-26,0.0
2010-01-25,0.0
2010-01-24,0.0
2010-01-23,0.0
2010-01-22,0.0
2010-01-21,0.0
2010-01-20,0.0
2010-01-19,0.0
2010-01-18,0.0
2010-01-17,0.0
2010-01-16,0.0
2010-01-15,0.0
2010-01-14,0.0
2010-01-13,0.0
2010-01-12,0.0
2010-01-11,0.0
2010-01-10,0.0
2010-01-09,0.0
2010-01-08,0.0
2010-01-07,0.0
2010-01-06,0.0
2010-01-05,0.0
2010-01-04,0.0
2010-01-03,0.0
2010-01-02,0.0
2010-01-01,0.0
2009-12-31,0.0
2009-12-30,0.0
2009-12-29,0.0
2009-12-28,0.0
2009-12-27,0.0
2009-12-26,0.0
2009-12-25,0.0
2009-12-24,0.0
2009-12-23,0.0
2009-12-22,0.0
2009-12-21,0.0
2009-12-20,0.0
2009-12-19,0.0
2009-12-18,0.0
2009-12-17,0.0
2009-12-16,0.0
2009-12-15,0.0
2009-12-14,0.0
2009-12-13,0.0
2009-12-12,0.0
2009-12-11,0.0
2009-12-10,0.0
2009-12-09,0.0
2009-12-08,0.0
2009-12-07,0.0
2009-12-06,0.0
2009-12-05,0.0
2009-12-04,0.0
2009-12-03,0.0
2009-12-02,0.0
2009-12-01,0.0
2009-11-30,0.0
2009-11-29,0.0
2009-11-28,0.0
2009-11-27,0.0
2009-11-26,0.0
2009-11-25,0.0
2009-11-24,0.0
2009-11-23,0.0
2009-11-22,0.0
2009-11-21,0.0
2009-11-20,0.0
2009-11-19,0.0
2009-11-18,0.0
2009-11-17,0.0
2009-11-16,0.0
2009-11-15,0.0
2009-11-14,0.0
2009-11-13,0.0
2009-11-12,0.0
2009-11-11,0.0
2009-11-10,0.0
2009-11-09,0.0
2009-11-08,0.0
2009-11-07,0.0
2009-11-06,0.0
2009-11-05,0.0
2009-11-04,0.0
2009-11-03,0.0
2009-11-02,0.0
2009-11-01,0.0
2009-10-31,0.0
2009-10-30,0.0
2009-10-29,0.0
2009-10-28,0.0
2009-10-27,0.0
2009-10-26,0.0
2009-10-25,0.0
2009-10-24,0.0
2009-10-23,0.0
2009-10-22,0.0
2009-10-21,0.0
2009-10-20,0.0
2009-10-19,0.0
2009-10-18,0.0
2009-10-17,0.0
2009-10-16,0.0
2009-10-15,0.0
2009-10-14,0.0
2009-10-13,0.0
2009-10-12,0.0
2009-10-11,0.0
2009-10-10,0.0
2009-10-09,0.0
2009-10-08,0.0
2009-10-07,0.0
2009-10-06,0.0
2009-10-05,0.0
2009-10-04,0.0
2009-10-03,0.0
2009-10-02,0.0
2009-10-01,0.0
2009-09-30,0.0
2009-09-29,0.0
2009-09-28,0.0
2009-09-27,0.0
2009-09-26,0.0
2009-09-25,0.0
2009-09-24,0.0
2009-09-23,0.0
2009-09-22,0.0
2009-09-21,0.0
2009-09-20,0.0
2009-09-19,0.0
2009-09-18,0.0
2009-09-17,0.0
2009-09-16,0.0
2009-09-15,0.0
2009-09-14,0.0
2009-09-13,0.0
2009-09-12,0.0
2009-09-11,0.0
2009-09-10,0.0
2009-09-09,0.0
2009-09-08,0.0
2009-09-07,0.0
2009-09-06,0.0
2009-09-05,0.0
2009-09-04,0.0
2009-09-03,0.0
2009-09-02,0.0
2009-09-01,0.0
2009-08-31,0.0
2009-08-30,0.0
2009-08-29,0.0
2009-08-28,0.0
2009-08-27,0.0
2009-08-26,0.0
2009-08-25,0.0
2009-08-24,0.0
2009-08-23,0.0
2009-08-22,0.0
2009-08-21,0.0
2009-08-20,0.0
2009-08-19,0.0
2009-08-18,0.0
2009-08-17,0.0
2009-08-16,0.0
2009-08-15,0.0
2009-08-14,0.0
2009-08-13,0.0
2009-08-12,0.0
2009-08-11,0.0
2009-08-10,0.0
2009-08-09,0.0
2009-08-08,0.0
2009-08-07,0.0
2009-08-06,0.0
2009-08-05,0.0
2009-08-04,0.0
2009-08-03,0.0
2009-08-02,0.0
2009-08-01,0.0
2009-07-31,0.0
2009-07-30,0.0
2009-07-29,0.0
2009-07-28,0.0
2009-07-27,0.0
2009-07-26,0.0
2009-07-25,0.0
2009-07-24,0.0
2009-07-23,0.0
2009-07-22,0.0
2009-07-21,0.0
2009-07-20,0.0
2009-07-19,0.0
2009-07-18,0.0
2009-07-17,0.0
2009-07-16,0.0
2009-07-15,0.0
2009-07-14,0.0
2009-07-13,0.0
2009-07-12,0.0
2009-07-11,0.0
2009-07-10,0.0
2009-07-09,0.0
2009-07-08,0.0
2009-07-07,0.0
2009-07-06,0.0
2009-07-05,0.0
2009-07-04,0.0
2009-07-03,0.0
2009-07-02,0.0
2009-07-01,0.0
2009-06-30,0.0
2009-06-29,0.0
2009-06-28,0.0
2009-06-27,0.0
2009-06-26,0.0
2009-06-25,0.0
2009-06-24,0.0
2009-06-23,0.0
2009-06-22,0.0
2009-06-21,0.0
2009-06-20,0.0
2009-06-19,0.0
2009-06-18,0.0
2009-06-17,0.0
2009-06-16,0.0
2009-06-15,0.0
2009-06-14,0.0
2009-06-13,0.0
2009-06-12,0.0
2009-06-11,0.0
2009-06-10,0.0
2009-06-09,0.0
2009-06-08,0.0
2009-06-07,0.0
2009-06-06,0.0
2009-06-05,0.0
2009-06-04,0.0
2009-06-03,0.0
2009-06-02,0.0
2009-06-01,0.0
2009-05-31,0.0
2009-05-30,0.0
2009-05-29,0.0
2009-05-28,0.0
2009-05-27,0.0
2009-05-26,0.0
2009-05-25,0.0
2009-05-24,0.0
2009-05-23,0.0
2009-05-22,0.0
2009-05-21,0.0
2009-05-20,0.0
2009-05-19,0.0
2009-05-18,0.0
2009-05-17,0.0
2009-05-16,0.0
2009-05-15,0.0
2009-05-14,0.0
2009-05-13,0.0
2009-05-12,0.0
2009-05-11,0.0
2009-05-10,0.0
2009-05-09,0.0
2009-05-08,0.0
2009-05-07,0.0
2009-05-06,0.0
2009-05-05,0.0
2009-05-04,0.0
2009-05-03,0.0
2009-05-02,0.0
2009-05-01,0.0
2009-04-30,0.0
2009-04-29,0.0
2009-04-28,0.0
2009-04-27,0.0
2009-04-26,0.0
2009-04-25,0.0
2009-04-24,0.0
2009-04-23,0.0
2009-04-22,0.0
2009-04-21,0.0
2009-04-20,0.0
2009-04-19,0.0
2009-04-18,0.0
2009-04-17,0.0
2009-04-16,0.0
2009-04-15,0.0
2009-04-14,0.0
2009-04-13,0.0
2009-04-12,0.0
2009-04-11,0.0
2009-04-10,0.0
2009-04-09,0.0
2009-04-08,0.0
2009-04-07,0.0
2009-04-06,0.0
2009-04-05,0.0
2009-04-04,0.0
2009-04-03,0.0
2009-04-02,0.0
2009-04-01,0.0
2009-03-31,0.0
2009-03-30,0.0
2009-03-29,0.0
2009-03-28,0.0
2009-03-27,0.0
2009-03-26,0.0
2009-03-25,0.0
2009-03-24,0.0
2009-03-23,0.0
2009-03-22,0.0
2009-03-21,0.0
2009-03-20,0.0
2009-03-19,0.0
2009-03-18,0.0
2009-03-17,0.0
2009-03-16,0.0
2009-03-15,0.0
2009-03-14,0.0
2009-03-13,0.0
2009-03-12,0.0
2009-03-11,0.0
2009-03-10,0.0
2009-03-09,0.0
2009-03-08,0.0
2009-03-07,0.0
2009-03-06,0.0
2009-03-05,0.0
2009-03-04,0.0
2009-03-03,0.0
2009-03-02,0.0
2009-03-01,0.0
2009-02-28,0.0
2009-02-27,0.0
2009-02-26,0.0
2009-02-25,0.0
2009-02-24,0.0
2009-02-23,0.0
2009-02-22,0.0
2009-02-21,0.0
2009-02-20,0.0
2009-02-19,0.0
2009-02-18,0.0
2009-02-17,0.0
2009-02-16,0.0
2009-02-15,0.0
2009-02-14,0.0
2009-02-13,0.0
2009-02-12,0.0
2009-02-11,0.0
2009-02-10,0.0
2009-02-09,0.0
2009-02-08,0.0
2009-02-07,0.0
2009-02-06,0.0
2009-02-05,0.0
2009-02-04,0.0
2009-02-03,0.0
2009-02-02,0.0
2009-02-01,0.0
2009-01-31,0.0
2009-01-30,0.0
2009-01-29,0.0
2009-01-28,0.0
2009-01-27,0.0
2009-01-26,0.0
2009-01-25,0.0
2009-01-24,0.0
2009-01-23,0.0
2009-01-22,0.0
2009-01-21,0.0
2009-01-20,0.0
2009-01-19,0.0
2009-01-18,0.0
2009-01-17,0.0
2009-01-16,0.0
2009-01-15,0.0
2009-01-14,0.0
2009-01-13,0.0
2009-01-12,0.0
2009-01-11,0.0
2009-01-10,0.0
2009-01-09,0.0
2009-01-08,0.0
2009-01-07,0.0
2009-01-06,0.0
2009-01-05,0.0
2009-01-04,0.0
2009-01-03,0.0
